"id_atividade","id_pesquisador","papel","ordem"
"Ab6348ab4","P006","Autor",4
"A22d89ba8","P006","Autor",4
"A47efd609","P006","Autor",4
"A3c3b47ac","P006","Autor",5
"Ab0d014a9","P006","Autor",4
"A8fba3c7b","P006","Autor",9
"A36b3f9cc","P006","Autor",4
"A0b2c4c48","P006","Autor",7
"Aa63a1a39","P006","Autor",5
"A3d43ee32","P006","Autor",3
"A016d9d64","P006","Autor",8
"A0f8f6fd4","P006","Autor",2
"A25adf5f5","P016","Autor",2
"A25adf5f5","P006","Autor",4
"A25adf5f5","P019","Autor",6
"A6a522faf","P016","Autor",2
"A6a522faf","P006","Autor",3
"A86efffa4","P006","Autor",4
"A3fa4227f","P006","Autor",8
"A60f404db","P006","Autor",4
"A4f3e12a2","P006","Autor",5
"A1cd9aee5","P006","Autor",4
"A8d8bb4e6","P006","Autor",2
"Abfe55c06","P006","Autor",5
"A7b6293de","P006","Autor",5
"A3cfe0de2","P006","Autor",4
"Aab27a30f","P006","Autor",8
"A7a742b9c","P006","Autor",4
"A02b3177c","P013","Autor",2
"A02b3177c","P006","Autor",3
"A02b3177c","P016","Autor",6
"A89a85caf","P006","Autor",2
"A3123fa8f","P017","Autor",1
"A3123fa8f","P006","Autor",6
"A3123fa8f","P016","Autor",7
"A2d492020","P006","Autor",4
"Ab45fb3f1","P006","Autor",5
"Ae4008dc7","P006","Autor",3
"A838c13b2","P006","Autor",9
"Ab6ed13bc","P017","Autor",1
"Ab6ed13bc","P013","Autor",5
"Ab6ed13bc","P006","Autor",7
"Ab6ed13bc","P016","Autor",8
"A2c3c6c01","P006","Autor",5
"A910fe2fc","P006","Autor",2
"A9a99bb14","P006","Autor",2
"Ac857267c","P006","Autor",3
"A875b9c3b","P008","Autor",3
"A875b9c3b","P016","Autor",4
"A875b9c3b","P006","Autor",5
"Aa613435f","P006","Autor",3
"A0309bf38","P016","Autor",1
"A0309bf38","P006","Autor",2
"Af2e33e9c","P006","Autor",6
"Aa98eb5c7","P006","Autor",3
"A8c32e255","P006","Autor",1
"Ad8a8cbd0","P006","Autor",3
"Ad8a8cbd0","P016","Autor",5
"A9cf9e56f","P016","Autor",1
"A9cf9e56f","P006","Autor",3
"A7c378ff8","P006","Autor",5
"Ad832d699","P016","Autor",1
"Ad832d699","P006","Autor",4
"A07e83ceb","P006","Autor",2
"A07e83ceb","P016","Autor",3
"A707ed59a","P016","Autor",1
"A707ed59a","P006","Autor",7
"Aeca0be93","P006","Autor",2
"Ad713f27a","P006","Autor",1
"Ad713f27a","P016","Autor",2
"A6d640f07","P006","Autor",3
"A8056994e","P006","Autor",2
"A8056994e","P016","Autor",5
"Af89384b8","P006","Autor",3
"A781f8743","P006","Autor",3
"A6381bede","P006","Autor",2
"A393a1cc4","P016","Autor",2
"A393a1cc4","P006","Autor",3
"Ab2f03acd","P016","Autor",2
"Ab2f03acd","P011","Autor",3
"Ab2f03acd","P006","Autor",4
"A005de816","P006","Autor",1
"A005de816","P016","Autor",2
"A005de816","P015","Autor",3
"A60c2cf3f","P016","Autor",2
"A60c2cf3f","P006","Autor",3
"Afe354ebf","P006","Autor",4
"A3fc2f179","P016","Autor",2
"A3fc2f179","P006","Autor",5
"Ad9f4b2f9","P006","Autor",4
"A42b341c6","P006","Autor",2
"Adfcd3d41","P006","Autor",1
"Adfcd3d41","P016","Autor",2
"A9b6bf13d","P016","Autor",2
"A9b6bf13d","P006","Autor",3
"Acf91ee83","P006","Autor",3
"Ab8d5e00c","P006","Autor",2
"Aee35e243","P006","Autor",3
"Abcbe451a","P006","Autor",5
"A3a3a79bc","P016","Autor",1
"A3a3a79bc","P006","Autor",4
"A68666eee","P006","Autor",2
"A85aed79f","P006","Autor",3
"A18c55f9c","P006","Autor",5
"A22f8d702","P006","Autor",3
"A289af661","P006","Autor",1
"A937d2995","P006","Autor",3
"Af002e544","P006","Autor",1
"A80b23962","P006","Autor",3
"A3db4a3d4","P006","Autor",1
"A5d9c07ef","P016","Autor",1
"A5d9c07ef","P006","Autor",4
"Abe75135a","P006","Autor",2
"Aab7a2e6c","P006","Autor",2
"A6690d3c1","P006","Autor",3
"A134e2f47","P006","Autor",1
"A52525c45","P006","Autor",2
"Af343416e","P006","Autor",2
"A75146427","P006","Autor",3
"A7db2b507","P006","Autor",3
"A219f8e2f","P006","Autor",3
"A2823546a","P006","Autor",1
"A0deece37","P006","Autor",1
"Ade21b618","P006","Autor",1
"Ad0451eba","P006","Autor",3
"A5f52a695","P006","Autor",4
"A3c25ef7e","P006","Autor",2
"A7443cb1d","P006","Autor",3
"A997dce66","P006","Autor",3
"A09858c2e","P006","Autor",4
"A173fd22a","P006","Autor",4
"A24704df8","P006","Autor",3
"A815978eb","P006","Autor",2
"A7cba82e4","P006","Autor",3
"A9929c3ba","P006","Autor",4
"Ad12ed5dd","P006","Autor",1
"Af1b5cf55","P006","Autor",3
"Af613eb16","P006","Autor",2
"A85e01050","P006","Autor",2
"Ae41634b9","P006","Autor",1
"A677ec223","P006","Autor",1
"A4319146d","P006","Autor",3
"A8e87338f","P006","Autor",1
"Ad8bc82a7","P006","Autor",1
"A01aec4f0","P006","Autor",1
"Ad3483f2e","P006","Autor",2
"Afc69838b","P006","Autor",5
"Aa210b5b7","P006","Autor",3
"A6c5470e9","P006","Autor",2
"A3ac3d614","P006","Autor",6
"A6a1ecd73","P006","Autor",2
"A2710b5ef","P016","Autor",2
"A2710b5ef","P006","Autor",5
"A870a3f71","P016","Autor",2
"A870a3f71","P006","Autor",3
"A4b651437","P015","Autor",3
"A4b651437","P006","Autor",5
"A4b651437","P016","Autor",6
"A54ffddf4","P016","Autor",2
"A54ffddf4","P006","Autor",4
"A13366990","P016","Autor",2
"A13366990","P015","Autor",4
"A13366990","P006","Autor",6
"A5f5bb20c","P016","Autor",2
"A5f5bb20c","P006","Autor",4
"A9dfac975","P006","Autor",5
"A9832e834","P006","Autor",3
"A47ee378b","P016","Autor",1
"A47ee378b","P006","Autor",3
"A30c9994c","P016","Autor",3
"A30c9994c","P006","Autor",4
"A1a68823b","P006","Autor",2
"A1a68823b","P016","Autor",4
"A3e7d1c3a","P016","Autor",3
"A3e7d1c3a","P006","Autor",4
"Aed4845a6","P016","Autor",2
"Aed4845a6","P006","Autor",3
"A22535f10","P016","Autor",2
"A22535f10","P006","Autor",3
"A952ec9cc","P006","Autor",4
"A08c13716","P016","Autor",2
"A08c13716","P006","Autor",3
"A32a62aac","P016","Autor",2
"A32a62aac","P006","Autor",3
"A4a640752","P016","Autor",2
"A4a640752","P006","Autor",3
"A908579c2","P006","Autor",1
"A908579c2","P016","Autor",3
"Ad457413c","P016","Autor",1
"Ad457413c","P006","Autor",3
"A9e237757","P006","Autor",6
"A932ebceb","P006","Autor",2
"A25b65b3d","P016","Autor",2
"A25b65b3d","P006","Autor",3
"Aea0563f4","P016","Autor",2
"Aea0563f4","P006","Autor",3
"A392a81ff","P006","Autor",1
"A392a81ff","P015","Autor",3
"A392a81ff","P016","Autor",4
"Ad6319eba","P016","Autor",3
"Ad6319eba","P006","Autor",4
"Abb42518e","P016","Autor",1
"Abb42518e","P006","Autor",3
"A6a93ef49","P006","Autor",2
"A6a93ef49","P016","Autor",4
"A4f092f4e","P006","Inventor",5
"Aeb9dbc64","P006","Inventor",4
"Ab1f73da5","P007","Autor",4
"A0cf9b534","P007","Autor",3
"A0cf9b534","P016","Autor",4
"Abea0f77c","P007","Autor",2
"Abea0f77c","P018","Autor",3
"Ab741ea14","P007","Autor",2
"Ab15ac222","P007","Autor",3
"Ab15ac222","P018","Autor",4
"A0be799d3","P007","Autor",3
"A636e8914","P007","Autor",3
"A636e8914","P018","Autor",4
"A64c1ec29","P018","Autor",3
"A64c1ec29","P007","Autor",4
"A7a97e98d","P007","Autor",2
"A3ce7406f","P007","Autor",2
"A3ce7406f","P018","Autor",3
"A200a1aa4","P007","Autor",1
"A200a1aa4","P018","Autor",4
"A707ba2d2","P007","Autor",1
"A707ba2d2","P018","Autor",3
"A73c69453","P018","Autor",2
"A73c69453","P007","Autor",3
"A5fb6a68b","P018","Autor",2
"A5fb6a68b","P007","Autor",3
"Aff1795ad","P007","Autor",2
"Aff1795ad","P018","Autor",3
"A5e6f8851","P007","Autor",4
"A5e6f8851","P018","Autor",5
"Aee4cdec7","P007","Autor",2
"Aee4cdec7","P018","Autor",3
"A51ab5cee","P016","Autor",3
"A51ab5cee","P007","Autor",4
"Adab82a2c","P018","Autor",2
"Adab82a2c","P007","Autor",3
"Aedf77cb3","P007","Autor",2
"Ab16a41df","P007","Autor",3
"Ab16a41df","P018","Autor",4
"A1246819a","P007","Autor",2
"A1246819a","P018","Autor",4
"A4a202674","P007","Autor",2
"A86d03ac5","P007","Autor",1
"A86d03ac5","P018","Autor",4
"A7322b4ed","P016","Autor",2
"A7322b4ed","P007","Autor",3
"Af5d8e16f","P007","Autor",3
"A56fd6976","P007","Autor",3
"A2b017bcf","P007","Autor",1
"Ae55f0bf7","P007","Autor",1
"A1ea97203","P007","Autor",1
"Aa9fde58e","P007","Autor",1
"A37f23d15","P007","Autor",1
"A9628523e","P007","Autor",2
"A134fb206","P018","Autor",4
"A134fb206","P007","Autor",5
"Adfd5bbd0","P018","Autor",2
"Adfd5bbd0","P007","Autor",3
"Afaaa8b71","P018","Autor",1
"Afaaa8b71","P007","Autor",5
"Adcd0e4fe","P018","Autor",3
"Adcd0e4fe","P007","Autor",4
"A21ab43b3","P007","Autor",1
"A96e3866b","P007","Autor",3
"A316741de","P018","Autor",1
"A316741de","P007","Autor",2
"Acbc079cf","P007","Autor",1
"Ac68dc9d4","P007","Autor",3
"A493d7d12","P018","Autor",2
"A493d7d12","P007","Autor",3
"Ad21f4411","P007","Autor",1
"Ac474b5f9","P007","Autor",2
"Af58eaeae","P007","Autor",1
"A90e404f2","P007","Autor",5
"Ae1c94069","P007","Autor",4
"Af421d54c","P007","Autor",1
"A3a3a79bc","P007","Autor",4
"A53a00aba","P007","Autor",4
"Aada495a7","P018","Autor",2
"Aada495a7","P007","Autor",3
"A43f155f4","P007","Autor",4
"Ae1af85dc","P018","Autor",1
"Ae1af85dc","P007","Autor",3
"A61ce08f8","P007","Autor",3
"A8a43918b","P007","Autor",2
"A27c7ef09","P007","Autor",3
"Af640549f","P007","Autor",3
"A62a982a0","P007","Autor",3
"A506d6f39","P007","Autor",3
"Ad722e8ff","P007","Autor",4
"A293adb6e","P007","Autor",3
"Aafa8b260","P007","Autor",4
"A0e02739c","P007","Autor",4
"Aa6081f3f","P007","Autor",3
"A85563de4","P007","Autor",2
"A21f0405d","P007","Autor",4
"Aafbe9e42","P007","Autor",4
"Adb49676f","P007","Autor",3
"A09182f26","P007","Autor",2
"A88905778","P007","Autor",2
"A8c5efe8e","P007","Autor",1
"Adfe31687","P007","Autor",1
"Acc039e8a","P007","Autor",2
"A4886994d","P007","Autor",3
"A1dd5eba8","P007","Autor",2
"A4edbff45","P007","Autor",2
"A7112ac34","P007","Autor",2
"Adbca8245","P007","Autor",2
"A537e6f57","P007","Autor",4
"A7676cbcb","P007","Autor",5
"A814fe73c","P007","Autor",3
"A03d63c97","P007","Autor",3
"Add0847c9","P007","Autor",2
"Acfc901c8","P007","Autor",3
"A66bec2f5","P007","Autor",3
"A514ff98b","P007","Autor",2
"Affee662f","P007","Autor",2
"Ab071d753","P007","Autor",3
"Aecc7414d","P007","Autor",3
"A65ee7a2b","P007","Autor",3
"Ada474334","P007","Autor",2
"Aaebbf2f2","P007","Autor",4
"Abd7c5fcf","P007","Autor",3
"A71715736","P007","Autor",4
"Ac0cc2b54","P007","Autor",1
"A51b732ab","P007","Autor",4
"A7a798439","P007","Autor",2
"Aacafdc5c","P007","Autor",2
"A93bf27c1","P007","Autor",4
"A98e9a6d5","P007","Autor",3
"A5b465e9c","P007","Autor",1
"Aa785b203","P007","Autor",1
"Ae7b7d11e","P007","Autor",1
"A4fc0176c","P007","Autor",1
"A11ad4295","P007","Autor",2
"A2fb67fba","P007","Autor",1
"A87cd8433","P007","Autor",2
"A6b15ee29","P007","Autor",1
"Afe91cd84","P007","Autor",1
"Aa6c09546","P007","Autor",1
"A4c32857d","P007","Autor",1
"A976c2d72","P007","Autor",1
"A019fa4f5","P007","Autor",1
"A5b80ded8","P007","Autor",5
"A199d9ff6","P007","Autor",2
"A35ca5e45","P007","Autor",2
"A295b0328","P007","Autor",3
"A564ebea7","P007","Autor",3
"A5059d7b3","P007","Autor",2
"A4e931f93","P007","Autor",2
"Af975421c","P007","Autor",4
"Ad1a5eaab","P007","Autor",4
"Adb46d1ab","P007","Autor",2
"Ace7ca70e","P007","Autor",3
"Aaa2eff1c","P007","Autor",2
"A2b54b982","P007","Autor",2
"A8574b403","P007","Autor",1
"A3d225eba","P007","Autor",2
"A83624041","P007","Autor",3
"A0a5e792b","P007","Autor",1
"A576cce3f","P007","Autor",1
"Aed4098e8","P007","Autor",1
"A471d6de8","P007","Autor",3
"A98fa0b2e","P007","Autor",3
"A6c82d666","P007","Autor",2
"Af404d32c","P007","Autor",2
"A70a3b547","P007","Autor",2
"A7aaef67a","P007","Autor",4
"A4e5b2571","P007","Autor",3
"A2e803cdc","P007","Autor",2
"Aeb45be89","P007","Autor",2
"Ae5304fa5","P007","Autor",2
"A3927e478","P007","Autor",3
"A673aa1c1","P007","Autor",4
"Af65e34e7","P007","Autor",2
"A9c1e1398","P007","Autor",2
"A4dc9cdec","P007","Autor",2
"A33677f5f","P007","Autor",2
"Ab495b054","P007","Autor",5
"Ab34d8511","P007","Autor",3
"Adc014fd2","P007","Autor",3
"A1a1f247e","P007","Autor",3
"A15326230","P007","Autor",2
"Acaeea109","P007","Autor",3
"A2c106c1b","P007","Autor",3
"A95a84527","P008","Autor",3
"A95a84527","P016","Autor",4
"A5a118a53","P016","Autor",2
"A5a118a53","P008","Autor",4
"Aa3418cdc","P008","Autor",2
"Aa3418cdc","P016","Autor",3
"Abebf3a95","P016","Autor",5
"Abebf3a95","P008","Autor",7
"A60ef5ef9","P013","Autor",4
"A60ef5ef9","P008","Autor",5
"A60ef5ef9","P017","Autor",6
"Ad832d699","P008","Autor",3
"A49babbd1","P008","Autor",2
"A30a97829","P008","Autor",2
"A501ca68e","P008","Autor",1
"A501ca68e","P016","Autor",5
"Aa737a775","P008","Autor",1
"Aa737a775","P016","Autor",5
"A3e13def4","P008","Autor",1
"A3e13def4","P016","Autor",5
"A3716d3a1","P008","Autor",1
"A3716d3a1","P016","Autor",5
"Aac006849","P008","Autor",1
"Aac006849","P016","Autor",5
"A8b6268f9","P008","Autor",1
"A8b6268f9","P016","Autor",5
"A2c6b8e85","P008","Autor",1
"A2c6b8e85","P016","Autor",5
"Ae5322c69","P008","Autor",1
"Ae5322c69","P016","Autor",5
"A75de3ce2","P008","Autor",1
"A5d4b4492","P008","Autor",1
"Ab9fd95c6","P008","Autor",3
"Ab9fd95c6","P017","Autor",4
"Ab9fd95c6","P016","Autor",1
"A3da11eb3","P008","Autor",4
"A3da11eb3","P016","Autor",5
"Ac9cbb9d7","P008","Autor",5
"Ac9cbb9d7","P006","Autor",6
"Ac9cbb9d7","P016","Autor",7
"Afffca128","P008","Autor",4
"Afffca128","P006","Autor",5
"Afffca128","P016","Autor",6
"Ae1292b44","P006","Autor",2
"Ae1292b44","P008","Autor",3
"Ae1292b44","P016","Autor",4
"Ac4c466b2","P016","Autor",2
"Ac4c466b2","P008","Autor",5
"A2d80223e","P008","Autor",2
"A2d80223e","P016","Autor",3
"A2d80223e","P006","Autor",4
"Ab76e2b12","P016","Autor",1
"Ab76e2b12","P015","Autor",3
"Ab76e2b12","P008","Autor",4
"Aceccb372","P008","Autor",2
"A60f67d7b","P008","Autor",2
"A2710b5ef","P008","Autor",3
"A34bc7e3b","P008","Autor",1
"A36503f2b","P008","Autor",1
"A0a85f7e8","P008","Autor",2
"Af84f77dc","P008","Autor",1
"A05780c8a","P008","Autor",2
"Ab2a0b9eb","P008","Autor",1
"Ad90f92e6","P008","Autor",2
"A0d11989c","P008","Autor",2
"A8301a913","P008","Autor",2
"A1cd3700c","P008","Autor",1
"A06628f50","P008","Autor",3
"Abc9417f4","P008","Autor",5
"Afe7aae36","P008","Autor",3
"A6d13b209","P008","Autor",5
"A7b538ea8","P008","Autor",3
"Aeff0c625","P008","Autor",4
"A9970af9e","P008","Autor",4
"A3591216d","P008","Autor",4
"A5e65eaf7","P008","Autor",3
"A629aa90d","P008","Autor",4
"A1f45d61e","P008","Autor",3
"A74ef15d9","P008","Autor",3
"A31661d57","P008","Autor",1
"A068379b4","P016","Autor",2
"A068379b4","P008","Autor",3
"A43773c66","P016","Autor",2
"A43773c66","P008","Autor",3
"A08483527","P008","Autor",1
"Aebdb44ea","P009","Autor",3
"A0042cef9","P009","Autor",3
"A68ce66a2","P009","Autor",2
"A68ce66a2","P017","Autor",3
"A0eb26cbf","P009","Autor",2
"A0eb26cbf","P016","Autor",3
"A1f1c29d3","P009","Autor",5
"Acd4f467d","P009","Autor",1
"Aa72dfba4","P009","Autor",1
"A77739541","P009","Autor",1
"Aa8f74e20","P009","Autor",1
"A51ed3904","P009","Autor",2
"A7f49db10","P012","Autor",1
"A7f49db10","P009","Autor",2
"A537b303d","P009","Autor",3
"A19ac521f","P009","Autor",2
"A4b93d0df","P009","Autor",2
"A71abb49a","P009","Autor",2
"A3bdcff51","P009","Autor",3
"A56082d95","P009","Autor",4
"Ab53785cf","P009","Autor",3
"Aa31b50de","P009","Autor",2
"Afc913784","P009","Autor",4
"A450d83d1","P009","Autor",2
"A63dc4bc0","P009","Autor",2
"A85e03c7a","P009","Autor",1
"A49d2c945","P009","Autor",1
"Add741f7c","P009","Autor",1
"A203f3da3","P009","Autor",1
"A5b85c43b","P009","Autor",1
"A5cad79a3","P009","Autor",4
"A619a7492","P009","Autor",1
"Aae45e0fe","P009","Autor",1
"A20e00c3c","P009","Autor",1
"A572568ac","P009","Autor",3
"A3de698a2","P009","Autor",2
"A0580d3f2","P009","Autor",1
"A92b96aa9","P009","Autor",1
"A2c8b3985","P009","Autor",1
"A64e4ca9a","P009","Autor",2
"A47ed141e","P009","Autor",5
"A719400a7","P009","Autor",1
"Aea3c73e3","P009","Autor",1
"A7e5a3395","P009","Autor",1
"Acbf79af0","P009","Autor",2
"Ac2b70420","P009","Autor",1
"Ada565f85","P009","Autor",2
"A0dc7b7db","P009","Autor",4
"Af0a77798","P009","Autor",3
"A0a085324","P009","Autor",3
"Ac2581c18","P009","Autor",4
"Aa9cf5b4f","P009","Autor",2
"Af9abfb8b","P009","Autor",1
"Aac58dab8","P009","Autor",1
"Ac3fb17f3","P009","Autor",1
"A51e45a03","P009","Autor",1
"Af5b2ed34","P009","Autor",1
"Afe239b65","P009","Autor",1
"A1f42a2f8","P009","Autor",1
"Abc14970a","P009","Autor",1
"A08199530","P009","Autor",1
"Ab1a3bb0b","P009","Autor",1
"A19f6341d","P009","Autor",2
"A98434ef9","P009","Autor",1
"A0692f41e","P009","Autor",3
"A34ff3305","P009","Autor",2
"A76fa2254","P017","Autor",3
"A76fa2254","P010","Autor",4
"A76fa2254","P016","Autor",6
"Ae69575ad","P010","Autor",1
"Ae81afde3","P010","Autor",6
"A316375b9","P010","Autor",1
"Ad790a73d","P010","Autor",14
"A86d3265f","P010","Autor",3
"A53ce7ba7","P010","Autor",1
"A53ce7ba7","P016","Autor",4
"A4639de5e","P010","Autor",1
"A4639de5e","P016","Autor",4
"A76374349","P010","Autor",4
"A929c1f78","P010","Autor",2
"Ad7a69e4b","P010","Autor",1
"Ae4f76906","P010","Autor",1
"A8984d71f","P010","Autor",1
"A0b271867","P010","Autor",3
"A0b3d6139","P010","Autor",1
"Af88a82a3","P010","Autor",1
"Ae8b5bc9e","P010","Autor",2
"A74a181b4","P010","Autor",1
"A6af104dd","P010","Autor",1
"Aab373312","P010","Autor",1
"A86312982","P010","Autor",1
"A05c65d41","P010","Autor",1
"A91b3dbec","P010","Autor",1
"Ab2510601","P010","Autor",1
"Ab1078f6e","P010","Autor",1
"Ab0b1182c","P011","Autor",2
"Ab0b1182c","P012","Autor",3
"A85b54c46","P016","Autor",2
"A85b54c46","P011","Autor",3
"A85b54c46","P015","Autor",4
"A0ea40fc6","P011","Autor",2
"Ad1be859a","P011","Autor",2
"A310b976c","P011","Autor",2
"A17c15b7b","P011","Autor",4
"A1d157638","P011","Autor",1
"A21e9ba15","P011","Autor",3
"A21e9ba15","P016","Autor",4
"Adefe6945","P012","Autor",1
"Adefe6945","P011","Autor",3
"A49babbd1","P011","Autor",1
"A29bcd588","P011","Autor",3
"Aea07f5d3","P011","Autor",2
"Ad09e1a82","P011","Autor",2
"Acdfd8fe8","P011","Autor",4
"Ace66774d","P011","Autor",1
"A34c4d361","P011","Autor",3
"A708bda0f","P011","Autor",2
"A94c9d890","P011","Autor",2
"A6d5119ee","P011","Autor",3
"A8e3edcf0","P011","Autor",1
"Acaffe298","P011","Autor",4
"A3bb81a5b","P011","Autor",1
"A04ab5ce6","P011","Autor",1
"Ac4ebf558","P011","Autor",1
"Aa3ee97c3","P011","Autor",4
"A2ddf1cfa","P011","Autor",2
"A402b4686","P011","Autor",4
"A27f77771","P011","Autor",1
"Aa7cecfbc","P011","Autor",1
"A2dfb9cd0","P011","Autor",3
"Ad0e8359b","P011","Autor",2
"A299853a4","P011","Autor",2
"A6425b6c4","P011","Autor",2
"Ab2cdb41e","P011","Autor",1
"A8b07316a","P011","Autor",3
"A2a72d5c1","P011","Autor",3
"A82e7fd5c","P011","Autor",1
"Ae8bce2b5","P011","Autor",2
"Aa25017bc","P011","Autor",3
"Af29a646e","P011","Autor",3
"Ad52f494b","P011","Autor",2
"Abbc416e0","P011","Autor",2
"A3556809b","P011","Autor",2
"Ad47125f6","P011","Autor",2
"Afbba07ce","P011","Autor",2
"A07e91a97","P011","Autor",3
"Ac614d53c","P011","Autor",2
"A769e5d4c","P011","Autor",4
"Aa4be1dce","P011","Autor",2
"A8f5ff9ee","P011","Autor",3
"Ae32d80fb","P011","Autor",5
"A52ba4c8c","P011","Autor",3
"Aedb1b0cd","P011","Autor",4
"A36bcf0aa","P011","Autor",4
"A8664049f","P011","Autor",2
"A8664049f","P008","Autor",3
"A402d8fb4","P011","Autor",2
"A2562ee31","P011","Autor",7
"A76b1b3f6","P011","Autor",2
"A9dc25a18","P011","Autor",4
"Ace123b91","P011","Autor",1
"Ace123b91","P008","Autor",4
"Aa84d3e90","P011","Autor",2
"Ac2f2463a","P011","Autor",2
"A06f7a9e1","P011","Autor",5
"Af6772f26","P011","Autor",3
"A55fd7181","P011","Autor",1
"A55fd7181","P012","Autor",2
"A55fd7181","P015","Autor",4
"A4916b370","P011","Autor",2
"A53f50ed4","P011","Autor",1
"A53f50ed4","P008","Autor",3
"A1760981e","P011","Autor",1
"A89d0b028","P011","Autor",2
"A60f67d7b","P011","Autor",1
"A3eb870ca","P011","Autor",1
"A3eb870ca","P012","Autor",2
"A9837fe3f","P011","Autor",1
"A8373ff6d","P011","Autor",4
"Ac8a6be67","P011","Autor",2
"A8d8440e4","P011","Autor",3
"Ac035ea9a","P011","Autor",4
"A0d23d5bb","P011","Autor",1
"A2058d363","P012","Autor",1
"A2058d363","P011","Autor",2
"Acd3e2ccc","P011","Autor",2
"A800d61e8","P011","Autor",2
"A800d61e8","P017","Autor",4
"Ae1cf967d","P011","Autor",3
"Ae312fec0","P011","Autor",1
"A2eb3405c","P011","Autor",1
"A2eb3405c","P012","Autor",2
"Adbad46ba","P011","Autor",2
"A64fa3409","P011","Autor",2
"A924948ba","P011","Autor",2
"A13dda799","P011","Autor",1
"Ad2d11517","P011","Autor",2
"Ad12727e1","P011","Autor",2
"A4fd97d29","P011","Autor",1
"A00ac80bb","P011","Autor",1
"A25edc68b","P011","Autor",1
"A91acfbcf","P011","Autor",3
"A498f99c0","P011","Autor",2
"A26f6b868","P011","Autor",1
"A26f6b868","P008","Autor",4
"Af175a64b","P011","Autor",4
"A1ac6aa48","P011","Autor",1
"A1ac6aa48","P008","Autor",5
"A2ddeaf7c","P011","Autor",1
"Aec18768b","P011","Autor",1
"Add998bea","P011","Autor",2
"A9c567977","P011","Autor",2
"Af653f965","P011","Autor",2
"A196cd0f9","P011","Autor",1
"Aec0f7d26","P011","Autor",1
"A6722e045","P011","Autor",1
"A3321e6c1","P011","Autor",2
"A73bd1625","P011","Autor",1
"A73bd1625","P012","Autor",2
"Aa82c6acb","P011","Autor",1
"A397685a2","P011","Autor",1
"A9b226a87","P011","Autor",4
"A35897bf4","P012","Autor",4
"Aa41bd6c9","P012","Autor",3
"Aff919ede","P012","Autor",4
"A20997901","P012","Autor",6
"A10b0bcf5","P012","Autor",2
"Abb6cb5dc","P012","Autor",4
"Abb6cb5dc","P015","Autor",5
"A21e4edd7","P012","Autor",4
"A5ddddbfa","P017","Autor",3
"A5ddddbfa","P012","Autor",8
"A312e0d0b","P015","Autor",2
"A312e0d0b","P017","Autor",5
"A312e0d0b","P012","Autor",6
"Acdf34571","P012","Autor",6
"Ae3bfed0b","P017","Autor",4
"Ae3bfed0b","P012","Autor",5
"A35e9f9c5","P012","Autor",6
"A3e1e8359","P012","Autor",5
"Acc63bc26","P012","Autor",5
"Ac991ba8b","P012","Autor",5
"A0d31f3f6","P012","Autor",3
"Af13194d1","P017","Autor",2
"Af13194d1","P012","Autor",3
"A94980ca9","P012","Autor",3
"A7bff0748","P012","Autor",2
"A9f01c228","P012","Autor",2
"A7b3dd9f9","P012","Autor",3
"A01063db1","P012","Autor",4
"A01063db1","P016","Autor",5
"Aac008514","P012","Autor",4
"Aabc6950f","P012","Autor",2
"A8968917f","P012","Autor",4
"Af2e461c8","P012","Autor",2
"Add16b782","P012","Autor",5
"Ace565ae6","P012","Autor",4
"A1c5a078b","P012","Autor",2
"A35f4ce80","P012","Autor",2
"A55de7752","P012","Autor",4
"A01c7fdbe","P012","Autor",5
"A7af26174","P012","Autor",2
"A366afb10","P012","Autor",3
"A44c736c3","P012","Autor",2
"Acf5fa394","P012","Autor",2
"Ad3fc77ce","P012","Autor",8
"A6cc4f491","P012","Autor",4
"A0b2059de","P012","Autor",2
"A0b2059de","P015","Autor",3
"Ad2740cfc","P012","Autor",2
"A4a941af6","P012","Autor",3
"A60eaa8b2","P012","Autor",2
"A8a62360f","P012","Autor",2
"A5d6914f8","P012","Autor",2
"A4db7e722","P012","Autor",3
"A4c12e754","P012","Autor",2
"Ad967ffd8","P012","Autor",3
"Aee8a2024","P012","Autor",2
"A6e5d99c1","P012","Autor",2
"Ab0689a52","P015","Autor",2
"Ab0689a52","P012","Autor",3
"A45ffea6f","P012","Autor",5
"Ad2cf8de0","P012","Autor",4
"Ac0a445f6","P012","Autor",4
"A46a214ad","P012","Autor",1
"A448f51ba","P012","Autor",4
"A08da7a16","P012","Autor",3
"A8c59d254","P012","Autor",4
"Aefdf3c29","P012","Autor",3
"Ad5c67085","P012","Autor",2
"A15d0bd4c","P012","Autor",2
"A224101f1","P012","Autor",1
"Ab4d5f70e","P012","Autor",3
"Adb749035","P012","Autor",1
"A7eac3149","P012","Autor",2
"Ac388083b","P012","Autor",2
"Ae54572d0","P012","Autor",1
"A141f3ff0","P012","Autor",1
"A0a4ce3f5","P017","Autor",4
"A0a4ce3f5","P012","Autor",7
"A1eeefead","P012","Autor",6
"Aeab732ff","P012","Autor",2
"Aeab732ff","P017","Autor",8
"A747b2b73","P017","Autor",2
"A747b2b73","P012","Autor",6
"A0590e93a","P017","Autor",8
"A0590e93a","P012","Autor",9
"Ac6d5e9b0","P017","Autor",4
"Ac6d5e9b0","P012","Autor",6
"A88c6239f","P012","Autor",3
"Ac4d13ada","P012","Autor",4
"A48d1cf55","P012","Autor",4
"A06820b1f","P012","Autor",6
"A410b7237","P012","Autor",2
"Af1263d99","P012","Autor",3
"Ada3c4033","P012","Autor",3
"A841deb63","P012","Autor",3
"Aeff0f0f4","P012","Autor",2
"Aced97ddb","P012","Autor",2
"Adf721e15","P012","Autor",2
"A5428145c","P012","Autor",2
"Ae25decc8","P012","Autor",2
"Aeeefd7c7","P012","Autor",3
"Aec59e079","P012","Autor",3
"A8a2a9ea7","P012","Autor",3
"Ad4a8b280","P012","Autor",4
"A48c64798","P012","Autor",2
"A07f2ba48","P012","Autor",4
"A386d65d6","P012","Autor",3
"A4ec1602c","P012","Autor",3
"Af4f12fe3","P012","Autor",2
"Ab45f0a14","P012","Autor",3
"A82d998f8","P012","Autor",3
"A9634f011","P012","Autor",2
"Ae31b5295","P012","Autor",2
"Ad4cc2677","P012","Autor",3
"A02104705","P012","Autor",3
"A4b63f769","P012","Autor",4
"Ac925e375","P012","Autor",2
"A3cb87f3d","P012","Autor",5
"A1e2cf10a","P012","Autor",2
"Aa6477c11","P012","Autor",5
"Af2941631","P012","Autor",3
"Aebf7ab30","P012","Autor",3
"Afc53045a","P012","Autor",3
"Ae3d90005","P012","Autor",3
"Ad848cbc1","P012","Autor",4
"Ac8ee66ad","P012","Autor",2
"Aeb6300b0","P012","Autor",2
"A3d246575","P012","Autor",2
"A49724bc4","P012","Autor",2
"A29dbfd04","P012","Autor",3
"A87b51970","P012","Autor",3
"Ad46aeb79","P012","Autor",2
"A9a57bcfe","P012","Autor",2
"A588f0ff1","P012","Autor",2
"Ac9433445","P012","Autor",2
"Ab4eb72b2","P012","Autor",6
"A41ae84b4","P012","Autor",2
"Ab5fd4e6c","P012","Autor",2
"A879f7027","P012","Autor",4
"A1df9976f","P012","Autor",2
"A4e94ab14","P012","Autor",2
"A9d54b280","P012","Autor",3
"A712bfdf8","P012","Autor",2
"A54728032","P012","Autor",2
"A5ae14bdf","P012","Autor",5
"A47da7a7d","P012","Autor",1
"A549b4dc5","P012","Autor",1
"A9954bd9b","P012","Autor",1
"A538fa4bd","P012","Autor",1
"Adf9282f2","P012","Autor",1
"Ace67c59e","P012","Autor",2
"A16f948d1","P012","Autor",3
"Ad529ff68","P012","Autor",1
"Ae82fd178","P012","Autor",1
"A9a2ad155","P012","Autor",4
"Aba08be87","P012","Autor",1
"A251d1a34","P012","Autor",1
"Af58ead01","P012","Autor",2
"A9641640e","P012","Autor",1
"A1d664f37","P012","Autor",3
"A45fcdce9","P012","Autor",4
"A00fdd49b","P012","Autor",1
"Abe386e2b","P012","Autor",3
"A1284bf99","P012","Autor",1
"A60bb48e5","P012","Autor",1
"A748d6354","P012","Autor",2
"A2c0a8f94","P012","Autor",1
"Aa08b6657","P012","Autor",2
"A121bb6aa","P012","Autor",1
"A944d293c","P012","Autor",1
"A8f56d813","P012","Autor",2
"A243ab511","P012","Autor",3
"A90c9cce6","P012","Autor",1
"A2b09b952","P012","Autor",1
"A6a06a99c","P012","Autor",2
"Aec064e0e","P012","Autor",1
"A44d24bba","P012","Autor",4
"A76e6bc76","P012","Autor",3
"A7b9c83d1","P012","Autor",5
"Af46c0869","P012","Autor",5
"A73c11f97","P012","Autor",4
"Afdb606f1","P012","Autor",4
"Acd51aada","P012","Autor",3
"A70022c31","P012","Autor",2
"A983ccbd7","P012","Autor",2
"Ab619f4a0","P012","Autor",2
"A0d2c0261","P012","Autor",2
"A8fee67e0","P012","Autor",2
"Aec811c32","P012","Autor",1
"A5c4d0f58","P012","Autor",3
"Aac750405","P012","Autor",1
"A88797bd9","P012","Autor",1
"Aac914122","P012","Autor",1
"A4a33a71e","P012","Autor",4
"A9998e010","P012","Autor",1
"Aacad5c95","P012","Autor",3
"A8fca0f0f","P012","Autor",1
"Acef12d02","P012","Autor",1
"A1dc8d825","P012","Autor",1
"A81cf0112","P012","Autor",2
"A25fd3694","P012","Autor",1
"A9915c9c3","P012","Autor",1
"A86f48054","P012","Autor",2
"A6af4fc70","P012","Autor",2
"A9b594f01","P012","Autor",1
"Aa49c9128","P012","Autor",1
"A23761b2d","P012","Autor",1
"A29983c81","P012","Autor",1
"A30772314","P012","Autor",1
"Ad52589cf","P012","Inventor",3
"A8f573348","P012","Inventor",2
"Ab03f3148","P012","Inventor",3
"A736490b3","P013","Autor",3
"A1fdf28a5","P013","Autor",3
"Ac10b585d","P013","Autor",3
"A33d5ef4e","P013","Autor",4
"A3b5689c1","P013","Autor",20
"A6ad578c9","P013","Autor",2
"A6ad578c9","P016","Autor",3
"A37a3f5a0","P016","Autor",2
"A37a3f5a0","P013","Autor",10
"A72cd8124","P013","Autor",3
"A185abf1b","P013","Autor",6
"A87cabf8a","P016","Autor",1
"A87cabf8a","P013","Autor",10
"A9e779259","P013","Autor",3
"A02a36df7","P016","Autor",1
"A02a36df7","P013","Autor",4
"A02a36df7","P008","Autor",5
"A02a36df7","P017","Autor",6
"A97f182c5","P013","Autor",3
"Ad7022539","P013","Autor",3
"A07e3f62d","P013","Autor",4
"A417578b8","P013","Autor",3
"A2235dc52","P016","Autor",2
"A2235dc52","P013","Autor",4
"A4aa70ed5","P016","Autor",1
"A4aa70ed5","P015","Autor",5
"A4aa70ed5","P013","Autor",6
"A73c8c473","P016","Autor",1
"A73c8c473","P013","Autor",4
"Ac8742822","P016","Autor",1
"Ac8742822","P013","Autor",4
"A9b9c5b7d","P016","Autor",2
"A9b9c5b7d","P013","Autor",5
"A756dec3a","P016","Autor",1
"A756dec3a","P013","Autor",4
"A9d68f9d8","P016","Autor",1
"A9d68f9d8","P013","Autor",7
"A9d68f9d8","P015","Autor",8
"A5af4b9db","P013","Autor",3
"A049777b8","P016","Autor",1
"A049777b8","P013","Autor",3
"A938c2314","P013","Autor",3
"Adf202c69","P013","Autor",2
"Adf202c69","P016","Autor",3
"Ab6b74d91","P013","Autor",4
"A504fbacf","P013","Autor",2
"A504fbacf","P016","Autor",3
"Acb4b38f0","P013","Autor",1
"Afe188cb9","P016","Autor",1
"Afe188cb9","P013","Autor",3
"A6a406318","P013","Autor",1
"A6e6f5df8","P013","Autor",1
"A16c5ea5d","P013","Autor",1
"A16bbce33","P013","Autor",3
"Aff7dabd6","P013","Autor",1
"A51bfa4df","P013","Autor",1
"A1eb1179d","P013","Autor",1
"Acdfede50","P013","Autor",1
"A534a5388","P013","Autor",1
"A58dca89c","P013","Autor",1
"A25dc45e2","P013","Autor",1
"A5217af5e","P013","Autor",1
"Ae39ae2be","P013","Autor",1
"Ae620409e","P013","Autor",1
"Aebf0be2f","P013","Autor",1
"A35903cb4","P013","Autor",1
"A98798de7","P016","Autor",1
"A98798de7","P013","Autor",2
"A6e7cb0a1","P014","Autor",1
"A6e7cb0a1","P006","Autor",7
"A7d4ff61d","P014","Autor",2
"Aefb8d408","P014","Autor",2
"A522007bc","P014","Autor",2
"A19c898a9","P014","Autor",2
"A5a632e0c","P014","Autor",2
"Acf5b9812","P014","Autor",1
"A8299d9f3","P014","Autor",1
"A41959539","P014","Autor",1
"A72ff1a4a","P014","Autor",6
"Accbbe0c9","P014","Autor",3
"A8aafe7ff","P014","Autor",5
"A8109ae6c","P014","Autor",5
"A09e54c2d","P014","Autor",5
"A0a9d1740","P014","Autor",1
"A56e91d5c","P014","Autor",6
"Af1f65adb","P014","Autor",6
"A9474719a","P014","Autor",7
"A0ed9bf2c","P014","Autor",1
"A793900d4","P014","Autor",1
"Ae553704e","P014","Autor",4
"A6b8cdd50","P014","Autor",6
"Acb04727b","P014","Autor",7
"Afc5ebc2b","P014","Autor",3
"A56b0e597","P014","Autor",5
"Aa4c0dcd1","P014","Autor",6
"A387593b3","P014","Autor",3
"Ad78269fb","P014","Autor",2
"A587c68ad","P014","Autor",5
"Ad33523c3","P014","Autor",1
"Ad9fe793e","P014","Autor",4
"Ae93af501","P014","Autor",7
"Ac2955245","P014","Autor",8
"A8e89283f","P014","Autor",4
"Affc9ff7f","P014","Autor",5
"Ae0d670d7","P014","Autor",7
"Ac2bc7c3a","P014","Autor",5
"Abf5a5b2f","P014","Autor",1
"A9c8af0f4","P014","Autor",5
"A18787e5c","P014","Autor",2
"A3009c78c","P014","Autor",2
"Abeb0497c","P014","Autor",2
"Ab8f7d045","P014","Autor",3
"A4aa08c7b","P014","Autor",5
"Aa80fe9e9","P014","Autor",5
"A2ab67ca8","P014","Autor",
"A2fae76da","P014","Autor",1
"A805fe94b","P014","Autor",1
"Afad43d99","P014","Autor",1
"Ad3af23e8","P014","Autor",3
"Aca165959","P014","Autor",4
"Aadcaabaf","P014","Autor",1
"Ae7b482f7","P014","Autor",1
"Abcf5e937","P014","Autor",1
"Adc450e10","P014","Autor",1
"A4fef344c","P014","Autor",2
"A9ff9eb80","P014","Autor",2
"Ab4899f3f","P014","Autor",2
"Afa904aa4","P014","Autor",2
"Ae919d567","P014","Autor",3
"A20f35ec4","P014","Autor",2
"A1d1eaa4c","P014","Autor",2
"Acef2017d","P014","Autor",2
"A6691fa7b","P014","Autor",2
"Aca295e61","P014","Autor",5
"Ae48df3bd","P014","Autor",2
"Ac7d26ceb","P014","Autor",1
"Aac5de30d","P014","Autor",1
"Aee57c724","P014","Autor",1
"A7be9fa28","P014","Autor",1
"Add38e4d1","P014","Autor",1
"A2a369cee","P014","Autor",1
"Abaec37e0","P014","Autor",1
"A76dc126c","P014","Autor",1
"Aebadf49a","P014","Autor",1
"Ab089e16f","P014","Autor",1
"Aa8e65064","P014","Autor",5
"Ab3e38939","P014","Autor",3
"Ac320345b","P014","Autor",3
"Ac20528b5","P014","Autor",1
"A5a0e8958","P014","Autor",1
"A3fd8b59c","P014","Autor",5
"Ad4f1e746","P014","Autor",1
"A8c2f8c07","P014","Autor",5
"Acfafd9bf","P014","Autor",1
"A6a6d55c0","P014","Autor",5
"A123d8179","P014","Autor",5
"Ace5ff8ed","P014","Autor",1
"A38de1901","P014","Autor",4
"A90efd09c","P014","Autor",5
"A699af1c3","P014","Autor",4
"A51f9f524","P014","Autor",1
"Ac2f67abc","P014","Autor",1
"A5250a27a","P014","Autor",4
"Aea367dd5","P014","Autor",5
"Aebca9549","P014","Autor",5
"A77288f13","P014","Autor",6
"A1f0b2156","P014","Autor",5
"A1ad0876b","P014","Autor",1
"Ac6bcc4f1","P014","Autor",1
"A47b4aa43","P015","Autor",2
"Aa589ab90","P015","Autor",4
"Ac334b0a7","P012","Autor",4
"Ac334b0a7","P015","Autor",5
"Af7530bc4","P015","Autor",4
"A3e9119a4","P015","Autor",4
"A876035cd","P015","Autor",2
"Ac1b66305","P015","Autor",2
"A2865072a","P015","Autor",2
"A8be14090","P015","Autor",2
"A993231f3","P015","Autor",3
"A589165d3","P015","Autor",8
"A3a3e22c3","P015","Autor",3
"Ac6beecb7","P015","Autor",4
"A4b6aa5d1","P015","Autor",2
"A4c1e0454","P015","Autor",3
"Ad5e9166f","P015","Autor",2
"A92d40346","P015","Autor",3
"Ae6bd4d2b","P015","Autor",5
"A3f83bc55","P015","Autor",5
"A273229d2","P015","Autor",2
"A1ef6f7d2","P015","Autor",2
"A8c12d280","P015","Autor",2
"Ade26c11d","P015","Autor",2
"A6f3aed54","P015","Autor",6
"A4d62e5b4","P015","Autor",3
"A0ede2abc","P015","Autor",2
"A944d1fe9","P015","Autor",3
"A773dc6f3","P015","Autor",4
"A5137bca4","P015","Autor",2
"A772e0f6c","P015","Autor",3
"A772e0f6c","P016","Autor",4
"A488e3de2","P015","Autor",3
"A5dabe77f","P015","Autor",3
"A443428ff","P015","Autor",3
"A25a0670f","P015","Autor",3
"A0fba764c","P015","Autor",2
"Ad2f870b4","P016","Autor",1
"Ad2f870b4","P015","Autor",6
"Ad8300e05","P015","Autor",2
"A46311e0a","P015","Autor",2
"A1b944ddd","P015","Autor",2
"A034e87e6","P016","Autor",1
"A034e87e6","P015","Autor",5
"A034e87e6","P013","Autor",6
"A5dabeb0d","P015","Autor",
"A6aa437cd","P015","Autor",4
"Ada051eef","P015","Autor",3
"Af5398ef7","P015","Autor",2
"A57c8def4","P016","Autor",1
"A57c8def4","P015","Autor",5
"Accc47700","P015","Autor",1
"A7ecc3b84","P015","Autor",3
"Ac604df9c","P015","Autor",5
"A85ce0a69","P015","Autor",2
"Afe2216ed","P015","Autor",5
"A7b49d688","P015","Autor",2
"A91385b2e","P015","Autor",3
"Ac7dd6e00","P015","Autor",1
"A0a7c8785","P015","Autor",1
"Af93d099b","P015","Autor",2
"A4646f9b2","P015","Autor",3
"Ac2870336","P015","Autor",1
"A38582863","P015","Autor",1
"A75981353","P015","Autor",2
"A95c534a0","P015","Autor",1
"A0e12d74d","P015","Autor",1
"A268a3bef","P015","Autor",1
"Ab7d0ad74","P015","Autor",2
"A08b35af8","P015","Autor",2
"A63038c8e","P015","Autor",3
"Af94d36a6","P015","Autor",1
"A3ba596e2","P015","Autor",1
"A0ce98a1d","P015","Autor",3
"A4674ba8e","P015","Autor",4
"Abb0c007f","P015","Autor",1
"A29b6a0f1","P015","Autor",1
"A7dd7ad53","P015","Autor",3
"A5c224e9d","P015","Autor",2
"A29412a1d","P015","Autor",3
"Ac17123ad","P015","Autor",2
"A2d057731","P015","Autor",2
"A3314310d","P015","Autor",5
"A5e1f451b","P015","Autor",2
"Aff5ba487","P015","Autor",2
"Adddee979","P015","Autor",2
"Ab123b708","P015","Autor",1
"Ac3cb31bc","P015","Autor",2
"Add821815","P016","Autor",1
"Add821815","P015","Autor",3
"Add821815","P008","Autor",4
"Ae5acd4c4","P015","Autor",5
"Aa4c94e1b","P015","Autor",4
"A068e0f39","P015","Autor",2
"A5cd894bd","P015","Autor",4
"Af79b1ced","P015","Autor",6
"Af8091af5","P015","Autor",2
"Ad2d21c0f","P015","Autor",2
"Ab9521c13","P015","Autor",1
"A14b49fc7","P015","Autor",2
"Ab4b72d69","P015","Autor",2
"A5375fa6c","P015","Autor",2
"Ae6216a27","P015","Autor",4
"A2d6cf74b","P015","Autor",2
"A0e941be5","P015","Autor",2
"A0dbe4270","P015","Autor",3
"A6e064ad7","P006","Autor",1
"A6e064ad7","P016","Autor",3
"A6e064ad7","P015","Autor",4
"A60c4b2cc","P015","Autor",2
"Af6ae8c49","P015","Autor",3
"Ac7cac672","P015","Autor",4
"Abb1bc935","P015","Autor",4
"A61ecc958","P015","Autor",3
"A652752e2","P015","Autor",6
"A74938e3b","P015","Autor",3
"Aec2750e7","P015","Autor",1
"A184f4027","P015","Autor",3
"Ad82fc40e","P015","Autor",1
"A0f3e2e12","P016","Autor",1
"A0f3e2e12","P015","Autor",5
"Aa9c04f8e","P015","Autor",8
"Aa9c04f8e","P016","Autor",9
"A6e535083","P015","Autor",3
"A6ab2e822","P015","Autor",3
"A32926de3","P015","Autor",1
"A3cc14ccd","P015","Autor",1
"Aee421421","P015","Autor",1
"A103f41e5","P015","Autor",2
"Ac4ee2072","P015","Autor",2
"Aff908508","P015","Autor",3
"Ad4e3d8c0","P015","Autor",3
"A05f59fda","P015","Autor",3
"Ae13edd7e","P015","Autor",2
"A80599594","P015","Autor",3
"A3fdb6e0c","P015","Autor",2
"Ad1a847c8","P015","Autor",5
"A2d8e0d26","P015","Autor",3
"Ae90a287e","P015","Autor",3
"A250d37c2","P015","Autor",4
"Af33e124a","P015","Autor",1
"A855c46a8","P015","Autor",3
"A66f6eb6b","P015","Autor",4
"Ab494078b","P015","Autor",8
"A8f3dc514","P015","Autor",7
"A1cf32c52","P015","Autor",3
"Ad28239cc","P015","Autor",3
"A8394b0e7","P015","Autor",2
"A20a3e57b","P015","Autor",1
"A23380dfa","P015","Autor",2
"Aaf2aa9c7","P015","Autor",2
"A092518ab","P015","Autor",7
"A4f09ec30","P015","Autor",1
"A07781189","P015","Autor",1
"Aedc1372b","P015","Autor",4
"A263a59c9","P015","Autor",2
"A80ba9b1c","P015","Autor",4
"A61d8bee7","P015","Autor",3
"A69083a6f","P015","Autor",4
"A7237b134","P015","Autor",4
"Acdd23a85","P015","Autor",1
"A063a4e1e","P015","Autor",1
"A6fd21219","P015","Autor",1
"Af3ac74a3","P015","Autor",1
"A66c7f50e","P015","Autor",1
"A85b1bf2c","P015","Autor",1
"A8f11331b","P015","Autor",1
"A06178795","P015","Autor",1
"A180d6656","P015","Autor",1
"A9f8e404e","P015","Autor",1
"A0f6cf19d","P015","Autor",1
"Abd949df5","P015","Autor",1
"A22d1a462","P015","Autor",1
"Acf3d8d58","P015","Autor",1
"A8ede7853","P015","Autor",1
"A86024cb5","P015","Autor",1
"A9db923f0","P015","Autor",1
"A84522610","P015","Autor",1
"A78e059e9","P015","Autor",1
"A2ec21774","P015","Autor",3
"A104e3105","P015","Autor",5
"A761f773b","P015","Autor",1
"Ab60f83f0","P015","Autor",1
"A6e006961","P015","Autor",1
"A95a9526a","P015","Autor",1
"Aa3e12b1d","P015","Autor",1
"A6b6f5113","P015","Autor",1
"Af0a293dd","P015","Autor",1
"A8f2eecb6","P015","Autor",1
"A0fc506d8","P015","Autor",5
"A09fe433b","P015","Autor",1
"A0915486c","P015","Autor",2
"Abc2b47e4","P015","Autor",1
"A12586319","P015","Autor",1
"Aafda580f","P015","Autor",2
"A78a6161f","P015","Autor",1
"A22a7ad9e","P015","Autor",1
"A9edcdbca","P015","Autor",1
"A3bea85cc","P015","Autor",1
"A1e7db3ab","P015","Autor",1
"A92070aa4","P015","Autor",1
"A834e7da3","P015","Autor",1
"Ab843b760","P015","Autor",1
"Ad2eb45c2","P015","Autor",1
"A996cb9b1","P015","Autor",1
"A87a6cb52","P015","Autor",1
"A82bd5bcf","P015","Autor",1
"Af3b704cc","P015","Autor",1
"A0adf385d","P015","Autor",1
"A6eeae3e1","P015","Autor",1
"A3fb85994","P015","Autor",1
"A1a64e453","P015","Autor",1
"A90092d86","P015","Autor",1
"Ab7becb17","P015","Autor",1
"Ab158b3b4","P015","Autor",1
"Af015ea43","P015","Autor",1
"A97f5a0b3","P015","Autor",1
"Aea45cdb2","P015","Autor",1
"A321d450b","P015","Autor",1
"Acadacd04","P015","Autor",1
"Ab55a12fa","P015","Autor",1
"A68758410","P015","Autor",1
"A860d200f","P016","Autor",4
"Aef53c5c6","P016","Autor",3
"A30f8a259","P016","Autor",3
"A190b26fe","P018","Autor",2
"A190b26fe","P007","Autor",3
"A190b26fe","P016","Autor",4
"Af9fb7af7","P016","Autor",2
"Aa2200e48","P016","Autor",6
"A99612877","P016","Autor",2
"A86cc3340","P016","Autor",3
"Ac15b3356","P016","Autor",3
"A9b166ed2","P016","Autor",4
"Add0977e5","P016","Autor",2
"A913a895f","P016","Autor",4
"Aff6156fe","P016","Autor",3
"A95b3cc0c","P016","Autor",5
"A95b3cc0c","P019","Autor",6
"Aceababc0","P016","Autor",3
"A59d79127","P016","Autor",7
"A51ab5cee","P018","Autor",2
"Aa171f69e","P016","Autor",5
"Aa171f69e","P019","Autor",6
"Ae1428155","P016","Autor",4
"Afdb00e92","P016","Autor",3
"A3616994d","P016","Autor",3
"A2654ea5d","P016","Autor",2
"Aba32bdda","P016","Autor",4
"A3c427856","P016","Autor",5
"A5b3e9940","P016","Autor",2
"A186b15c8","P016","Autor",4
"A9bdd651b","P016","Autor",11
"Ae7af87a9","P016","Autor",2
"Ae7af87a9","P007","Autor",3
"Ae7af87a9","P018","Autor",4
"A938d48c2","P016","Autor",3
"Ad495d04e","P016","Autor",3
"A22902ce0","P016","Autor",2
"A6cef2e5c","P016","Autor",5
"A8ed9eace","P016","Autor",4
"A70a5ec39","P016","Autor",1
"A70a5ec39","P008","Autor",6
"A43e42d87","P016","Autor",3
"A90212680","P016","Autor",8
"A930345c2","P016","Autor",9
"A40384011","P016","Autor",5
"A2c4ecc9e","P016","Autor",2
"A02c6c443","P016","Autor",7
"Af833ca1c","P016","Autor",4
"A1301ec89","P016","Autor",1
"A1554ad7a","P016","Autor",4
"A78aba392","P017","Autor",3
"A78aba392","P016","Autor",5
"A567a3412","P016","Autor",6
"A2e89796c","P016","Autor",5
"A908ece38","P016","Autor",8
"Ad6283d02","P016","Autor",2
"A37a77fee","P016","Autor",3
"A6b0b2b41","P016","Autor",2
"Aabb002b9","P016","Autor",4
"Aa5055e53","P006","Autor",4
"Aa5055e53","P016","Autor",5
"A3f569199","P016","Autor",2
"Aa5069355","P016","Autor",3
"A0de7a007","P016","Autor",1
"A0de7a007","P006","Autor",3
"Ac23d07f0","P016","Autor",3
"Acd097c71","P016","Autor",5
"A476dca98","P016","Autor",3
"Ab3fea487","P016","Autor",5
"A6830c646","P016","Autor",5
"A21059610","P016","Autor",2
"A6c75cf48","P016","Autor",4
"A07371a4d","P016","Autor",5
"A2ed7fa56","P016","Autor",2
"A96c931a2","P016","Autor",3
"A88bcc93b","P016","Autor",1
"A79c75e1d","P016","Autor",5
"A8ca52d38","P016","Autor",4
"A02448b85","P016","Autor",3
"A11474de9","P016","Autor",2
"A2ccdd798","P016","Autor",2
"A2feefb78","P016","Autor",3
"A3ef7211f","P016","Autor",2
"A72de32f1","P016","Autor",2
"Add016cf0","P016","Autor",3
"A3829443b","P016","Autor",1
"A8742b14f","P016","Autor",2
"A8742b14f","P006","Autor",5
"A805266ad","P016","Autor",2
"A805266ad","P006","Autor",3
"Afebd2d6f","P016","Autor",5
"A612c41c3","P016","Autor",1
"A067aa1ee","P016","Autor",1
"A7359617c","P016","Autor",1
"A7359617c","P007","Autor",3
"A7359617c","P006","Autor",4
"Aee7725ca","P016","Autor",2
"A2027f9d1","P016","Autor",1
"A0aaf9384","P016","Autor",1
"Ac3a7eee0","P016","Autor",1
"Ad7091975","P016","Autor",6
"Acffe909d","P016","Autor",2
"Afb200473","P016","Autor",1
"A8f06a75d","P016","Autor",1
"A0b2dfc27","P016","Autor",1
"Ae1f26668","P016","Autor",3
"A9a1cc1a4","P016","Autor",3
"A968bfb87","P017","Autor",1
"A968bfb87","P016","Autor",4
"Aaa688f35","P016","Autor",4
"A300b2a3d","P016","Autor",4
"A8dbbd0ed","P016","Autor",4
"A8dbbd0ed","P008","Autor",1
"A7624719a","P016","Autor",5
"Ab7ca885d","P016","Autor",3
"A94ad7f07","P016","Autor",4
"Adb48ae74","P016","Autor",5
"Acb3ae086","P016","Autor",4
"Af255117d","P016","Autor",5
"A07529dda","P016","Autor",4
"Aebb9db34","P016","Autor",4
"Aff2ba74b","P016","Autor",3
"A48b4d1b7","P016","Autor",3
"A039a506e","P017","Autor",1
"A039a506e","P016","Autor",4
"A893cd470","P017","Autor",1
"A893cd470","P016","Autor",5
"A848fd3e3","P016","Autor",5
"Ac2d85216","P016","Autor",4
"A8a10adc5","P016","Autor",3
"A24f45054","P017","Autor",1
"A24f45054","P016","Autor",5
"A119e85bc","P016","Autor",4
"Adbf446dd","P017","Autor",1
"Adbf446dd","P016","Autor",4
"A8f4feb97","P016","Autor",3
"Aa4bda381","P016","Autor",3
"A957c63c5","P016","Autor",3
"A40acd720","P016","Autor",4
"A56c07aa9","P017","Autor",1
"A56c07aa9","P016","Autor",5
"A13e1ea3a","P016","Autor",3
"Af76b5af2","P016","Autor",3
"Af907a1ea","P017","Autor",1
"Af907a1ea","P016","Autor",5
"A401c14d5","P016","Autor",4
"A4b431e78","P017","Autor",1
"A4b431e78","P016","Autor",5
"A0ea19073","P016","Autor",4
"A275402f7","P016","Autor",4
"A2cf45af0","P016","Autor",5
"A56104727","P016","Autor",1
"A3ba11891","P016","Autor",1
"Ad1ff41a2","P016","Autor",1
"A6734dc4c","P016","Autor",1
"A22a73e1d","P016","Autor",1
"A0f13a6a0","P016","Autor",1
"A35351619","P016","Autor",1
"A1ae96d2c","P016","Autor",1
"A606b8b1b","P016","Autor",1
"A4be2572c","P016","Autor",1
"A88d18c74","P016","Autor",1
"A1168c889","P016","Autor",1
"A49b60d20","P016","Autor",1
"A31eee2b6","P016","Autor",1
"Aac761c5b","P016","Autor",1
"Ab313d90e","P016","Autor",1
"Aec938b36","P016","Autor",1
"Ace851e6a","P016","Autor",1
"A3fdca575","P016","Autor",1
"A5d00528b","P016","Autor",1
"A7d4c975e","P016","Autor",1
"A5a6a4f2e","P016","Autor",1
"A019bd6d8","P016","Autor",1
"Adf1f1acf","P016","Autor",1
"Abf71a1fa","P016","Autor",1
"A31e0b41e","P016","Autor",1
"A34e682a2","P016","Autor",1
"Abadf3b0f","P016","Autor",1
"A18cb2cbe","P016","Autor",1
"Ac7673633","P016","Autor",1
"A4a2a9f10","P016","Autor",1
"A108210de","P016","Autor",1
"A5c073f44","P016","Autor",1
"Aaad66382","P016","Autor",1
"Ae2afe7b4","P016","Autor",1
"A259a1a45","P016","Autor",1
"A764edc8c","P016","Autor",1
"A40028889","P016","Autor",1
"A6cdeae69","P016","Autor",1
"A2a0cc4ea","P016","Autor",1
"Aa89e15d8","P016","Autor",1
"A09d091ff","P016","Autor",1
"Aa98c75a8","P016","Autor",1
"A6043efe4","P016","Autor",1
"A699f3c4a","P016","Autor",1
"Afa44e528","P016","Autor",1
"A29cdf804","P016","Autor",1
"Ad4eb83af","P016","Autor",1
"A58db1cc5","P016","Autor",1
"A0dca60ae","P016","Autor",2
"A425a3480","P016","Autor",1
"Ace6ebb03","P016","Autor",1
"Ace6ebb03","P017","Autor",4
"A53eb65d1","P016","Autor",1
"A46abd8ed","P016","Autor",1
"A1920e583","P016","Autor",1
"A243ec905","P016","Autor",1
"A4d415205","P016","Autor",1
"Acfe47adb","P016","Autor",1
"A210cc517","P016","Autor",1
"A7a506ff9","P016","Autor",1
"A5f8e5daf","P016","Autor",1
"Aa97b44f2","P016","Autor",1
"Ab2fd32f0","P016","Autor",1
"A0bf3263c","P016","Autor",1
"A045672a2","P016","Autor",1
"Aa302d9bc","P016","Autor",1
"Ae39e27e4","P016","Autor",1
"Ac1120a96","P016","Autor",1
"A1faf550f","P016","Autor",1
"A154d7c90","P016","Autor",1
"Aaf60aee4","P016","Autor",1
"A84b58bed","P016","Autor",1
"Ab10bf1e9","P016","Autor",1
"Adf1ea909","P016","Autor",1
"Afe8543fa","P016","Autor",1
"A5741cda9","P016","Autor",1
"Aa9608a25","P016","Autor",1
"A6b0483d0","P016","Autor",1
"A27b6d109","P016","Autor",1
"Ac53c83e8","P016","Autor",1
"Aefa7e8d6","P016","Autor",1
"Abcd7b5ed","P016","Autor",1
"A0d1380da","P016","Autor",1
"Acf973701","P016","Autor",1
"A764b09c4","P016","Autor",1
"Aa05edeb9","P016","Autor",1
"A6bbc908f","P016","Autor",1
"A0789a0c6","P016","Autor",1
"Ab4a43095","P016","Autor",1
"Aefbbc06e","P016","Autor",1
"A0004ba7a","P016","Autor",1
"A68fe692c","P016","Autor",1
"Aef8f8f65","P016","Autor",1
"Aabe3216f","P016","Autor",1
"Ad454c3ea","P016","Autor",1
"A726d9ebf","P016","Autor",1
"Aa956e634","P016","Autor",1
"A52f19e6b","P016","Autor",1
"Abe088e39","P016","Autor",1
"A0799f8ea","P016","Autor",1
"A821bddf4","P016","Autor",1
"A739e1916","P016","Autor",1
"A01690824","P016","Autor",1
"A52c851ef","P016","Autor",1
"A137bc9f0","P016","Autor",1
"A9ad9b8b4","P016","Autor",1
"A383aa8c6","P016","Autor",1
"A26bdaa48","P016","Autor",1
"Ad897659f","P016","Autor",1
"Ae754387d","P016","Autor",1
"A97a7aedd","P016","Autor",1
"A4e86ce80","P016","Autor",1
"A5945937a","P016","Autor",1
"A6be57f85","P016","Autor",1
"Ad04c7417","P016","Autor",1
"Acda11ae9","P016","Autor",1
"Afdbb9d19","P016","Autor",1
"A92a4b756","P016","Autor",1
"A97e8b7f3","P016","Autor",1
"A83aea604","P016","Autor",1
"A002837b6","P016","Autor",1
"Aa12004ce","P016","Autor",1
"A8da94ea7","P016","Autor",1
"A81a6407b","P016","Autor",1
"A4c906311","P016","Autor",1
"A1e68913a","P016","Autor",1
"Ad3ca26b1","P016","Autor",1
"Abb3a6d90","P016","Autor",1
"Abc205b53","P016","Autor",1
"A1fa370b8","P016","Autor",1
"Afec4f2a0","P016","Autor",1
"A7a04c0c6","P016","Autor",1
"Aa0f01b75","P016","Autor",1
"Ab40f16df","P016","Autor",1
"Adec713a1","P016","Autor",1
"A1452a02d","P016","Autor",1
"A05354c73","P016","Autor",1
"Aa120eba4","P016","Autor",1
"Abb72fda2","P016","Autor",1
"Ab762a2c9","P016","Autor",1
"A7caa579e","P016","Autor",1
"Aae791cc1","P016","Autor",1
"A2bb69b1e","P016","Autor",1
"Acb1a45ef","P016","Autor",1
"A9b02cd54","P016","Autor",1
"Ab53ca8e4","P016","Autor",1
"A104b74fa","P016","Autor",1
"Ae69ea234","P016","Autor",1
"A5fb48d47","P016","Autor",1
"Aef7857ee","P016","Autor",1
"Ac99a5d1f","P016","Autor",1
"A988e10fd","P016","Autor",1
"A80355f23","P016","Autor",1
"A3571cfdf","P016","Autor",1
"A8bd14007","P016","Autor",1
"Af2a00dd5","P016","Autor",1
"A49d2b81b","P016","Autor",1
"Ac002a9d9","P016","Autor",1
"A8f0cabff","P016","Autor",1
"A00429a59","P016","Autor",1
"A236fba55","P016","Autor",1
"Aac50d6f7","P016","Autor",1
"Af632361b","P016","Autor",1
"A7d500dec","P016","Autor",1
"A3b759d43","P016","Autor",1
"A06837cda","P016","Autor",1
"A14877658","P016","Autor",1
"A03e3800b","P016","Autor",1
"Aa9117019","P016","Autor",1
"Aac10812b","P016","Autor",1
"A46cddad7","P016","Autor",1
"Ac00ba9f1","P016","Autor",1
"Ade9f4985","P016","Autor",1
"Ace4a2109","P016","Autor",1
"A4fb4bc8e","P016","Autor",1
"A617e2772","P016","Autor",1
"Aad542f46","P016","Autor",1
"Af21e5517","P016","Autor",1
"A14a04a7a","P016","Autor",1
"A6443a49f","P016","Autor",1
"Aa9adf31b","P016","Autor",1
"A8bfde34c","P016","Autor",1
"A35f90412","P016","Autor",1
"Aaa498ebe","P016","Autor",1
"A5a727d32","P016","Autor",1
"Af28b2370","P016","Autor",1
"A7139486f","P016","Autor",1
"Acb29a82b","P016","Autor",1
"Aea707571","P016","Autor",1
"A7a7f5214","P016","Autor",1
"A816f8d05","P016","Autor",1
"Aa49e7e39","P016","Autor",1
"Ac12e0689","P016","Autor",1
"A8d1cd4fd","P016","Autor",1
"A58bcabf2","P016","Autor",1
"A1b6e2166","P016","Autor",1
"A3b2293d9","P016","Autor",1
"Ade5507a9","P016","Autor",1
"A5f8236e9","P016","Autor",1
"A2a0548d7","P016","Autor",1
"A47c189d2","P016","Autor",1
"Ab6faa442","P016","Autor",1
"A19b5399a","P016","Autor",1
"A4c585189","P016","Autor",1
"Acefa295b","P016","Autor",1
"Af298aaef","P016","Autor",1
"A85e3b600","P016","Autor",1
"Ade992515","P016","Autor",1
"Ac339b785","P016","Autor",1
"Aa7979dd2","P016","Autor",1
"A061b585a","P016","Autor",1
"Ac12f2313","P016","Autor",1
"A4094aef8","P016","Autor",1
"A85859fda","P016","Autor",1
"A33a825c0","P016","Autor",1
"A502c9e25","P016","Autor",1
"Adc53bc0c","P016","Autor",1
"A896cf2a9","P016","Autor",1
"A1f3a48dc","P016","Autor",1
"A47b1e8ee","P016","Autor",2
"Ad8ce0034","P016","Autor",1
"Ad11f0053","P016","Autor",1
"A49cc777d","P016","Autor",1
"A9d00b03d","P016","Autor",1
"A17013db9","P016","Autor",1
"Ac070ffd1","P016","Autor",1
"A09bf0958","P016","Autor",1
"Ac10e46f5","P016","Autor",1
"A5382b72f","P016","Autor",1
"A07088061","P016","Autor",1
"Af9aaab62","P016","Autor",1
"Aa0cede5c","P016","Autor",1
"Aca65bf4e","P016","Autor",1
"Ab2fe4957","P016","Autor",1
"A4fa74f29","P016","Autor",1
"Aa340c671","P016","Autor",1
"Af2133fec","P016","Autor",1
"A0dbc247a","P016","Autor",1
"A136b46b2","P016","Autor",1
"Addce8846","P016","Autor",1
"A4a0a3e9d","P016","Autor",1
"Ab1eab48f","P016","Autor",1
"A5dda003e","P016","Autor",1
"A44517cd9","P016","Autor",1
"A79ff0dfa","P016","Autor",1
"A37fa11f0","P016","Autor",1
"A03b5471e","P016","Autor",1
"A8ef13226","P016","Autor",1
"Ad81bf490","P016","Autor",1
"A2d29c115","P016","Autor",1
"A577e2a8c","P016","Autor",1
"Ae9e817e2","P016","Autor",1
"A9807be1e","P016","Autor",1
"A0ccef446","P016","Autor",1
"A5e61ccf0","P016","Autor",1
"Aa585858b","P016","Autor",1
"A95c21c14","P016","Autor",1
"A50788308","P016","Autor",1
"Af819441d","P016","Autor",1
"A29cb7ed6","P016","Autor",1
"A7170ab27","P016","Autor",1
"Ac627c87a","P016","Autor",1
"A50bab050","P016","Autor",1
"A15be8f14","P016","Autor",1
"A4f48881f","P016","Autor",1
"A2e54ca49","P016","Autor",1
"A23d4fd57","P016","Autor",1
"A19cabcbe","P016","Autor",3
"A00497285","P017","Autor",2
"A00497285","P016","Autor",3
"Ae6ea11c7","P016","Autor",3
"A8cb12449","P016","Autor",3
"Aa4ee6b51","P016","Autor",3
"A507152d7","P016","Autor",2
"A5bc88d74","P016","Autor",3
"A5cd16b9c","P016","Autor",4
"A3d97bfd5","P016","Autor",3
"A8ff762c6","P016","Autor",1
"Acd732780","P016","Autor",3
"A0e3e2c27","P016","Autor",3
"A18aaac2a","P016","Autor",3
"A4a2e767f","P016","Autor",2
"A16ef68e3","P016","Autor",3
"Ae3acb661","P016","Autor",2
"Afd5733d7","P016","Autor",3
"Ac49bb7d1","P016","Autor",3
"A7b40d8ef","P016","Autor",3
"Ab5dd11dc","P016","Autor",2
"Ac9ddb0af","P016","Autor",3
"A6fbb36cd","P016","Autor",3
"A6195cdfe","P016","Autor",3
"Ae579ed58","P016","Autor",3
"Ac568e262","P016","Autor",4
"A84ccb4a2","P016","Autor",2
"Af5d370ee","P016","Autor",3
"A071e43d5","P016","Autor",2
"Aa477e194","P016","Autor",1
"Aa477e194","P015","Autor",5
"A6e1cc816","P016","Autor",1
"A2d6d8626","P016","Autor",1
"A2d6d8626","P015","Autor",5
"A742e4f5f","P016","Autor",1
"A742e4f5f","P015","Autor",5
"A511dc371","P016","Autor",1
"A511dc371","P015","Autor",5
"A9f16d32b","P016","Autor",1
"A45702e29","P016","Autor",1
"A45702e29","P015","Autor",4
"A2deea5d8","P016","Autor",1
"A2deea5d8","P015","Autor",4
"A13eca2a8","P016","Autor",1
"A13eca2a8","P015","Autor",4
"Aa731bdd2","P016","Autor",1
"Aa731bdd2","P015","Autor",5
"A6eda0cc4","P016","Autor",2
"A42b328b3","P016","Autor",1
"A42b328b3","P015","Autor",5
"Aee23c0f3","P016","Autor",1
"Aee23c0f3","P015","Autor",4
"A68f946d1","P016","Autor",1
"A68f946d1","P015","Autor",4
"A82d5ef74","P016","Autor",2
"Aaadc106f","P016","Autor",2
"Aaadc106f","P008","Autor",3
"Aa768c1a0","P016","Autor",2
"Aa768c1a0","P008","Autor",3
"Ace575720","P016","Autor",2
"Ace575720","P008","Autor",3
"A4e26ed0f","P016","Autor",2
"A4e26ed0f","P008","Autor",3
"A4b459b97","P016","Autor",2
"A4b459b97","P008","Autor",3
"A4842677c","P016","Autor",2
"A4842677c","P008","Autor",3
"A56ef040a","P016","Autor",2
"A56ef040a","P008","Autor",3
"A82345e2f","P016","Autor",2
"A82345e2f","P008","Autor",3
"A96190aff","P016","Autor",2
"A96190aff","P008","Autor",3
"A879454ae","P016","Autor",2
"A879454ae","P008","Autor",3
"Afa608dce","P016","Autor",2
"Afa608dce","P008","Autor",3
"A48a973e9","P016","Autor",2
"A48a973e9","P008","Autor",3
"A16f11b6d","P016","Autor",2
"A16f11b6d","P008","Autor",3
"A5ba2a963","P016","Autor",2
"A5ba2a963","P008","Autor",3
"A89d8c447","P016","Autor",2
"A89d8c447","P008","Autor",3
"A3a732955","P016","Autor",2
"A3a732955","P008","Autor",3
"A6ad25ff6","P016","Autor",2
"A6ad25ff6","P008","Autor",3
"A8f8696d8","P016","Autor",2
"A8f8696d8","P008","Autor",3
"A032daebd","P016","Autor",2
"A032daebd","P008","Autor",3
"A4346a35f","P016","Autor",2
"A4346a35f","P008","Autor",3
"A0bd10093","P016","Autor",2
"A0bd10093","P008","Autor",3
"A09a4abf9","P016","Autor",2
"A09a4abf9","P008","Autor",3
"A6337ab2f","P016","Autor",2
"A6337ab2f","P008","Autor",3
"Aa67be83e","P016","Autor",2
"Aa67be83e","P008","Autor",3
"Aedf3d6a5","P016","Autor",2
"Aedf3d6a5","P008","Autor",3
"Ab89135cd","P016","Autor",2
"Ab89135cd","P008","Autor",3
"A4d116749","P016","Autor",2
"A4d116749","P008","Autor",3
"Af504a4f7","P016","Autor",2
"Af504a4f7","P008","Autor",3
"A8155a6f2","P016","Autor",2
"A8155a6f2","P008","Autor",3
"Aba31c3a0","P016","Autor",2
"Aba31c3a0","P008","Autor",3
"A3d4f30b1","P016","Autor",2
"A3d4f30b1","P008","Autor",3
"Ae6b08882","P016","Autor",2
"Ae6b08882","P008","Autor",3
"A3a7a2229","P016","Autor",2
"A3a7a2229","P008","Autor",3
"Af2295ef7","P016","Autor",2
"Af2295ef7","P008","Autor",3
"Aaa44ad28","P016","Autor",2
"Aaa44ad28","P008","Autor",3
"A331a771e","P016","Autor",2
"A331a771e","P008","Autor",3
"A8a697899","P016","Autor",2
"A8a697899","P008","Autor",3
"A8701e9f1","P016","Autor",2
"A8701e9f1","P008","Autor",3
"Aeaba46db","P016","Autor",2
"Aeaba46db","P008","Autor",3
"A0d09e78d","P016","Autor",2
"A0d09e78d","P008","Autor",3
"A91fd6d04","P016","Autor",2
"A91fd6d04","P008","Autor",3
"A8e48a325","P016","Autor",2
"A8e48a325","P008","Autor",3
"A05e6f7bd","P016","Autor",2
"A05e6f7bd","P008","Autor",3
"Af4d33706","P016","Autor",2
"Af4d33706","P008","Autor",3
"A9cc3a806","P016","Autor",2
"A9cc3a806","P008","Autor",3
"A441fc6be","P012","Autor",4
"A441fc6be","P016","Autor",5
"Aef9f3968","P016","Autor",1
"Aef9f3968","P017","Autor",4
"Aef9f3968","P008","Autor",6
"Aec4ab3d8","P016","Autor",1
"Aec4ab3d8","P013","Autor",7
"Aec4ab3d8","P015","Autor",8
"A921dddc9","P016","Autor",1
"Ae2e38a8b","P016","Autor",1
"A91cdb91a","P016","Autor",1
"A91cdb91a","P017","Autor",3
"A91cdb91a","P008","Autor",5
"Aa6a318a7","P016","Autor",1
"Aa6a318a7","P013","Autor",7
"Aa6a318a7","P015","Autor",8
"A0adb7187","P016","Autor",1
"A0adb7187","P013","Autor",7
"A0adb7187","P015","Autor",8
"A9d27c517","P016","Autor",1
"A85cc46f4","P016","Autor",1
"A85cc46f4","P017","Autor",4
"A85cc46f4","P008","Autor",6
"A4c82da1b","P016","Autor",1
"A4c82da1b","P013","Autor",7
"A4c82da1b","P015","Autor",8
"Aa144fbbb","P016","Autor",1
"A80ad0bb1","P016","Autor",1
"A80ad0bb1","P017","Autor",4
"A80ad0bb1","P008","Autor",6
"Ad4ad0ba5","P016","Autor",1
"Ad4ad0ba5","P013","Autor",7
"Ad4ad0ba5","P015","Autor",8
"A2df68735","P016","Autor",1
"Abefe2155","P016","Autor",1
"Abefe2155","P008","Autor",3
"Abefe2155","P017","Autor",4
"A6348ad8b","P016","Autor",1
"A6348ad8b","P013","Autor",7
"A6348ad8b","P015","Autor",8
"A958c18a3","P016","Autor",1
"A5b5f82fb","P016","Autor",1
"A5b5f82fb","P017","Autor",4
"A5b5f82fb","P008","Autor",6
"A2dcb11ef","P016","Autor",1
"A2dcb11ef","P013","Autor",7
"A2dcb11ef","P015","Autor",8
"A17b923b0","P016","Autor",1
"A8f8a37aa","P016","Autor",1
"A8f8a37aa","P008","Autor",3
"A8f8a37aa","P017","Autor",4
"Adb5603db","P016","Autor",1
"Adb5603db","P013","Autor",7
"Adb5603db","P015","Autor",8
"Acaa1bd66","P016","Autor",1
"Aca925a46","P016","Autor",1
"Aca925a46","P017","Autor",4
"Aca925a46","P008","Autor",6
"Ae15e36cd","P016","Autor",1
"Ae15e36cd","P013","Autor",7
"Ae15e36cd","P015","Autor",8
"A5cad2a67","P016","Autor",1
"A4fdea68d","P016","Autor",1
"A4fdea68d","P017","Autor",3
"A4fdea68d","P008","Autor",4
"Aa8562176","P016","Autor",1
"Aa8562176","P013","Autor",7
"Aa8562176","P015","Autor",8
"A9ed118f8","P016","Autor",1
"Ad29d7b66","P016","Autor",1
"Ad29d7b66","P017","Autor",4
"Ad29d7b66","P008","Autor",6
"Af3feae45","P016","Autor",1
"Af3feae45","P013","Autor",7
"Af3feae45","P015","Autor",8
"Aa8e446e4","P016","Autor",1
"Ae0a1b3b3","P016","Autor",1
"Ae0a1b3b3","P008","Autor",4
"Ae0a1b3b3","P017","Autor",5
"Abd714c2f","P016","Autor",1
"Abd714c2f","P013","Autor",7
"Abd714c2f","P015","Autor",8
"Ae241898f","P016","Autor",1
"A0399fffe","P016","Autor",1
"A0399fffe","P017","Autor",4
"A0399fffe","P008","Autor",6
"A30ef0e3d","P016","Autor",1
"A30ef0e3d","P013","Autor",7
"A30ef0e3d","P015","Autor",8
"A975d01c4","P016","Autor",1
"A93e7809a","P016","Autor",1
"A93e7809a","P017","Autor",4
"A93e7809a","P008","Autor",6
"A93a8887d","P016","Autor",1
"A93a8887d","P013","Autor",7
"A93a8887d","P015","Autor",8
"A3f239f73","P016","Autor",1
"A1eb9d113","P016","Autor",1
"A1eb9d113","P008","Autor",3
"A1eb9d113","P017","Autor",4
"Abdae0591","P016","Autor",1
"Abdae0591","P013","Autor",7
"Abdae0591","P015","Autor",8
"A4e21aeb5","P016","Autor",1
"A14d418d9","P016","Autor",1
"A14d418d9","P017","Autor",4
"A14d418d9","P008","Autor",6
"A6a955807","P016","Autor",1
"A6a955807","P013","Autor",7
"A6a955807","P015","Autor",8
"Ab7bc1cbf","P016","Autor",1
"Af1865e55","P016","Autor",1
"Af1865e55","P017","Autor",4
"Af1865e55","P008","Autor",6
"Ab12987ef","P016","Autor",1
"Ab12987ef","P013","Autor",7
"Ab12987ef","P015","Autor",8
"A364a03b6","P016","Autor",1
"Ad0175a57","P016","Autor",1
"Ad0175a57","P017","Autor",4
"Ad0175a57","P008","Autor",6
"A20f1f0c6","P016","Autor",1
"A20f1f0c6","P013","Autor",7
"A20f1f0c6","P015","Autor",8
"A6b3bc8ed","P016","Autor",1
"Ae4a9d8dd","P016","Autor",1
"Ae4a9d8dd","P017","Autor",4
"Ae4a9d8dd","P008","Autor",6
"A94ad0e46","P016","Autor",1
"A94ad0e46","P013","Autor",7
"A94ad0e46","P015","Autor",8
"A9381f702","P016","Autor",1
"A03bf1244","P016","Autor",1
"A03bf1244","P017","Autor",4
"A03bf1244","P008","Autor",6
"A0977bb7c","P016","Autor",1
"A0977bb7c","P013","Autor",7
"A0977bb7c","P015","Autor",8
"Ad1a9bc5d","P016","Autor",1
"A3e3f8d2e","P016","Autor",1
"A3e3f8d2e","P008","Autor",4
"A3e3f8d2e","P017","Autor",5
"A07f40878","P016","Autor",1
"A07f40878","P013","Autor",7
"A07f40878","P015","Autor",8
"Aa551a56d","P016","Autor",1
"Aed1497ec","P016","Autor",1
"Aed1497ec","P017","Autor",4
"Aed1497ec","P008","Autor",6
"Ad91791e9","P016","Autor",1
"Ad91791e9","P013","Autor",7
"Ad91791e9","P015","Autor",8
"A02585698","P016","Autor",1
"Acd6cb10c","P016","Autor",1
"Acd6cb10c","P017","Autor",4
"Acd6cb10c","P008","Autor",6
"Aa7955d81","P016","Autor",1
"Aa7955d81","P013","Autor",7
"Aa7955d81","P015","Autor",8
"A247d4197","P016","Autor",1
"Abd30427a","P016","Autor",1
"Abd30427a","P017","Autor",3
"Abd30427a","P008","Autor",5
"A8a5ec7bf","P016","Autor",1
"A8a5ec7bf","P013","Autor",7
"A8a5ec7bf","P015","Autor",8
"Ac481dc9b","P016","Autor",1
"Ac481dc9b","P017","Autor",4
"Ac481dc9b","P008","Autor",6
"A1eeb2529","P016","Autor",1
"Abb526f37","P016","Autor",1
"Abb526f37","P013","Autor",7
"Abb526f37","P015","Autor",8
"Aa2990776","P016","Autor",1
"A2080252e","P016","Autor",1
"A2080252e","P017","Autor",3
"A2080252e","P008","Autor",4
"A2b14c0c4","P016","Autor",1
"A2b14c0c4","P013","Autor",7
"A2b14c0c4","P015","Autor",8
"A23923121","P016","Autor",1
"Add429997","P016","Autor",1
"Add429997","P017","Autor",4
"Add429997","P008","Autor",6
"Ad304af83","P016","Autor",1
"Ad304af83","P013","Autor",7
"Ad304af83","P015","Autor",8
"Ab9d6881b","P016","Autor",1
"A9bb2d53b","P016","Autor",1
"A9bb2d53b","P017","Autor",4
"A9bb2d53b","P008","Autor",6
"Aa907e36b","P016","Autor",1
"Aa907e36b","P013","Autor",7
"Aa907e36b","P015","Autor",8
"Af0ea1429","P016","Autor",1
"A44b6beec","P016","Autor",1
"A44b6beec","P017","Autor",3
"A44b6beec","P008","Autor",5
"Aaca54c9a","P016","Autor",1
"Aaca54c9a","P013","Autor",7
"Aaca54c9a","P015","Autor",8
"Ac819f961","P016","Autor",1
"A796a7a81","P016","Autor",1
"A796a7a81","P017","Autor",4
"A796a7a81","P008","Autor",6
"Ad12ad534","P016","Autor",1
"Ad12ad534","P013","Autor",7
"Ad12ad534","P015","Autor",8
"A5e0f89c6","P016","Autor",1
"A74763142","P016","Autor",1
"A74763142","P017","Autor",4
"A74763142","P008","Autor",5
"Aa9294928","P016","Autor",1
"Aa9294928","P017","Autor",4
"Aa9294928","P008","Autor",6
"A4bf27362","P016","Autor",1
"A4bf27362","P017","Autor",4
"A4bf27362","P008","Autor",6
"A1c2593b2","P016","Autor",1
"A1c2593b2","P017","Autor",4
"A1c2593b2","P008","Autor",6
"Ac894288f","P016","Autor",1
"Ac894288f","P017","Autor",4
"Ac894288f","P008","Autor",6
"Ade7cca24","P016","Autor",1
"Ade7cca24","P017","Autor",4
"Ade7cca24","P008","Autor",6
"A4b0127a2","P016","Autor",1
"A4b0127a2","P017","Autor",4
"A4b0127a2","P008","Autor",6
"A94725f7a","P016","Autor",1
"A94725f7a","P008","Autor",3
"A94725f7a","P017","Autor",4
"Af0d6bcab","P016","Autor",1
"Af0d6bcab","P017","Autor",4
"Af0d6bcab","P008","Autor",6
"A0b334ec5","P016","Autor",1
"A0b334ec5","P017","Autor",3
"A0b334ec5","P008","Autor",5
"A6ebe6dc5","P016","Autor",1
"A6ebe6dc5","P008","Autor",3
"A6ebe6dc5","P017","Autor",6
"Ab99c7cba","P016","Autor",1
"Ab99c7cba","P017","Autor",3
"Ab99c7cba","P008","Autor",5
"Ab13a44f9","P016","Autor",1
"Ab13a44f9","P017","Autor",4
"Ab13a44f9","P008","Autor",6
"A6cedaf12","P016","Autor",1
"A6cedaf12","P017","Autor",4
"A6cedaf12","P008","Autor",6
"A89907e3c","P016","Autor",1
"A89907e3c","P017","Autor",4
"A89907e3c","P008","Autor",6
"A6c2f434e","P016","Autor",1
"A6c2f434e","P017","Autor",4
"A6c2f434e","P008","Autor",7
"A3e3d3fde","P016","Autor",1
"A3e3d3fde","P017","Autor",4
"A3e3d3fde","P008","Autor",6
"A92cd0a6b","P016","Autor",1
"A92cd0a6b","P008","Autor",3
"A92cd0a6b","P017","Autor",4
"A073655ec","P016","Autor",1
"A073655ec","P017","Autor",4
"A073655ec","P008","Autor",6
"Ad98a85bd","P016","Autor",1
"Ad98a85bd","P017","Autor",3
"Ad98a85bd","P008","Autor",5
"Acaced3a4","P016","Autor",1
"Acaced3a4","P017","Autor",3
"Acaced3a4","P008","Autor",5
"A878f58da","P016","Autor",1
"A878f58da","P017","Autor",4
"A878f58da","P008","Autor",6
"A89f9472c","P016","Autor",1
"A89f9472c","P008","Autor",3
"A89f9472c","P017","Autor",4
"A6357079a","P016","Autor",1
"A6357079a","P017","Autor",4
"A6357079a","P008","Autor",6
"A02b152a5","P016","Autor",1
"A02b152a5","P017","Autor",4
"A02b152a5","P008","Autor",6
"A31e69d27","P016","Autor",1
"A31e69d27","P008","Autor",3
"A31e69d27","P017","Autor",4
"A517b1a72","P016","Autor",1
"A517b1a72","P017","Autor",3
"A517b1a72","P008","Autor",5
"Ac26fdc0f","P016","Autor",1
"Ac26fdc0f","P017","Autor",4
"Ac26fdc0f","P008","Autor",6
"Aba7ed44a","P016","Autor",1
"Aba7ed44a","P017","Autor",4
"Aba7ed44a","P008","Autor",6
"A6f9e59f0","P016","Autor",1
"A6f9e59f0","P017","Autor",4
"A6f9e59f0","P008","Autor",6
"A3ec36d99","P016","Autor",1
"A3ec36d99","P017","Autor",3
"A3ec36d99","P008","Autor",5
"A900a45a2","P016","Autor",1
"A900a45a2","P017","Autor",4
"A900a45a2","P008","Autor",6
"A0f7e20da","P016","Autor",1
"A0f7e20da","P008","Autor",3
"A0f7e20da","P017","Autor",4
"A5b3ea633","P016","Autor",1
"A5b3ea633","P017","Autor",4
"A5b3ea633","P008","Autor",6
"A8d5db459","P016","Autor",1
"A8d5db459","P017","Autor",4
"A8d5db459","P008","Autor",6
"Ae63562bf","P016","Autor",1
"Ae63562bf","P017","Autor",4
"Ae63562bf","P008","Autor",6
"Ad7a23fce","P016","Autor",1
"Ad7a23fce","P017","Autor",4
"Ad7a23fce","P008","Autor",6
"A0ba2d3d1","P016","Autor",1
"A0ba2d3d1","P017","Autor",4
"A0ba2d3d1","P008","Autor",6
"Ae1a04424","P016","Autor",1
"Ae1a04424","P017","Autor",4
"Ae1a04424","P008","Autor",6
"A180041cb","P016","Autor",1
"A180041cb","P017","Autor",4
"A180041cb","P008","Autor",6
"A5a2f7101","P016","Autor",1
"A5a2f7101","P017","Autor",4
"A5a2f7101","P008","Autor",6
"A400a8abf","P016","Autor",1
"A400a8abf","P017","Autor",3
"A400a8abf","P008","Autor",5
"A1c1f8606","P016","Autor",1
"A1c1f8606","P017","Autor",4
"A1c1f8606","P008","Autor",6
"A0c768add","P016","Autor",1
"A0c768add","P017","Autor",4
"A0c768add","P008","Autor",6
"A3e69544e","P016","Autor",1
"A3e69544e","P017","Autor",4
"A3e69544e","P008","Autor",6
"Afabe9960","P016","Autor",1
"Afabe9960","P008","Autor",3
"Afabe9960","P017","Autor",4
"A74c20143","P016","Autor",1
"A74c20143","P017","Autor",4
"A74c20143","P008","Autor",6
"A8552a871","P016","Autor",1
"A8552a871","P017","Autor",4
"A8552a871","P008","Autor",6
"Acaa608f1","P016","Autor",1
"Acaa608f1","P017","Autor",4
"Acaa608f1","P008","Autor",6
"Af72d05fb","P016","Autor",1
"Af72d05fb","P017","Autor",4
"Af72d05fb","P008","Autor",6
"A322041a2","P016","Autor",1
"A322041a2","P008","Autor",3
"A322041a2","P017","Autor",4
"A3fac293c","P016","Autor",1
"A3fac293c","P017","Autor",4
"A3fac293c","P008","Autor",6
"Af41cf890","P016","Autor",1
"Af41cf890","P017","Autor",3
"Af41cf890","P008","Autor",5
"Ab907a732","P016","Autor",1
"Ab907a732","P017","Autor",3
"Ab907a732","P008","Autor",5
"A170bb741","P016","Autor",1
"A170bb741","P017","Autor",4
"A170bb741","P008","Autor",6
"Af417c50f","P016","Autor",1
"Af417c50f","P017","Autor",3
"Af417c50f","P008","Autor",5
"A27677636","P016","Autor",1
"A2c604643","P016","Autor",1
"A58d5a6e6","P016","Autor",1
"A1884a158","P016","Autor",1
"A3e24e3a9","P016","Autor",1
"Aee32394f","P016","Autor",1
"A329d69e4","P016","Autor",1
"Ac1675f9c","P016","Autor",1
"A083c72fb","P016","Autor",1
"Abfedb1a1","P016","Autor",1
"A5877cae0","P016","Autor",1
"A881f6c9c","P016","Autor",1
"A61ffb9a4","P016","Autor",1
"Af932247b","P016","Autor",1
"A6f039978","P016","Autor",1
"A9e6a02d5","P016","Autor",1
"Aa53c21b5","P016","Autor",1
"Ab015d0ef","P016","Autor",1
"A6f1cc1cb","P016","Autor",1
"Acb4bd3b7","P016","Autor",1
"Acaf55c09","P016","Autor",1
"A952488d4","P016","Autor",1
"A1e801c58","P016","Autor",1
"Ad3cb269e","P016","Autor",1
"Ab32349ca","P016","Autor",1
"A09652ae9","P016","Autor",1
"Aba8999e9","P016","Autor",1
"A43f5d98c","P016","Autor",1
"Af7b589c5","P016","Autor",1
"Ab9563c7a","P016","Autor",1
"A84dfe349","P016","Autor",1
"Abfeddf3b","P016","Autor",1
"Afac638ca","P016","Autor",1
"A138a8cb5","P016","Autor",1
"Ab21b2f82","P016","Autor",1
"A8afe99e3","P016","Autor",1
"A9d4a9884","P016","Autor",1
"Aa08bf04f","P016","Autor",1
"A53f51e91","P016","Autor",1
"Aed37398e","P016","Autor",1
"Ae45b0eeb","P016","Autor",1
"Ac9e32225","P016","Autor",1
"A6cdfef4d","P016","Autor",1
"A09a30743","P016","Autor",1
"A1685af7b","P016","Autor",1
"Ad9471f6d","P016","Autor",1
"Ab323846c","P016","Autor",1
"A219d908f","P016","Autor",1
"Abf5989b4","P016","Autor",1
"A05050141","P016","Autor",1
"Afc0f3f2e","P016","Autor",1
"A9e7299cd","P016","Autor",1
"A20040678","P016","Autor",1
"A9d29b041","P016","Autor",1
"Ada4af271","P016","Autor",1
"A1b5a9220","P016","Autor",1
"A1b5a9220","P013","Autor",7
"A1b5a9220","P015","Autor",8
"Aa57ca2c2","P016","Autor",1
"Aff3f52e1","P016","Autor",1
"Aff3f52e1","P008","Autor",3
"Aff3f52e1","P017","Autor",4
"Aa08c64f8","P016","Autor",1
"Aa08c64f8","P017","Autor",3
"Aa08c64f8","P008","Autor",4
"Aaff78001","P016","Autor",1
"A2f4a843d","P016","Autor",1
"A2f4a843d","P013","Autor",7
"A2f4a843d","P015","Autor",8
"A49bf348d","P016","Autor",1
"A49bf348d","P017","Autor",3
"A49bf348d","P008","Autor",4
"Aa73da997","P016","Autor",1
"Aa73da997","P013","Autor",7
"Aa73da997","P015","Autor",8
"Aac45bb30","P016","Autor",1
"Af393da17","P016","Autor",1
"Af393da17","P008","Autor",3
"Af393da17","P017","Autor",4
"Aa3cc237e","P016","Autor",1
"A3a574927","P016","Autor",1
"A3a574927","P013","Autor",7
"A3a574927","P015","Autor",8
"A3a1b19b2","P016","Autor",1
"A3a1b19b2","P013","Autor",7
"A3a1b19b2","P015","Autor",8
"A5f6a18bc","P016","Autor",1
"A5f6a18bc","P017","Autor",3
"A5f6a18bc","P008","Autor",4
"A826911cf","P016","Autor",1
"Afe3d6734","P016","Autor",1
"Afe3d6734","P013","Autor",7
"Afe3d6734","P015","Autor",8
"A3faf4415","P016","Autor",1
"A3faf4415","P008","Autor",3
"A3faf4415","P017","Autor",4
"A886357d6","P016","Autor",1
"A8decac5b","P016","Autor",1
"A2d592f5d","P016","Autor",1
"A2d592f5d","P015","Autor",7
"A96e865ec","P016","Autor",1
"A96e865ec","P008","Autor",3
"A96e865ec","P017","Autor",4
"Af277497f","P016","Autor",1
"Ad3f4f5d5","P016","Autor",1
"Ad3f4f5d5","P008","Autor",3
"Ad3f4f5d5","P017","Autor",4
"A1064f0d0","P016","Autor",1
"A1064f0d0","P008","Autor",3
"A1064f0d0","P017","Autor",4
"Aaa05a115","P016","Autor",1
"Aaa05a115","P013","Autor",7
"Aaa05a115","P015","Autor",8
"Ac3630ef6","P016","Autor",1
"A9a73ba42","P016","Autor",1
"A9a73ba42","P013","Autor",7
"A9a73ba42","P015","Autor",8
"A10d59e79","P016","Autor",1
"A2be5b76c","P016","Autor",1
"A2be5b76c","P017","Autor",3
"A2be5b76c","P008","Autor",4
"Afd7eebfa","P016","Autor",1
"Afd7eebfa","P017","Autor",3
"Afd7eebfa","P008","Autor",4
"A23c41e56","P016","Autor",1
"A23c41e56","P013","Autor",7
"A23c41e56","P015","Autor",8
"A5f713a78","P016","Autor",1
"Ab4773f44","P016","Autor",1
"A94d571be","P016","Autor",1
"A94d571be","P013","Autor",7
"A94d571be","P015","Autor",8
"Af6f3782e","P016","Autor",1
"Af6f3782e","P008","Autor",3
"Af6f3782e","P017","Autor",4
"A7708c4a4","P016","Autor",1
"A5e3610d9","P016","Autor",1
"A5e3610d9","P013","Autor",7
"A5e3610d9","P015","Autor",8
"A4fbdb7de","P016","Autor",1
"A4fbdb7de","P013","Autor",7
"A4fbdb7de","P015","Autor",8
"A50692afe","P016","Autor",1
"A4d60e399","P016","Autor",1
"A4d60e399","P017","Autor",3
"A4d60e399","P008","Autor",4
"Ad0bc2bf3","P016","Autor",1
"Ad0bc2bf3","P013","Autor",7
"Ad0bc2bf3","P015","Autor",8
"A22b555e4","P016","Autor",1
"A7de15941","P016","Autor",1
"A7de15941","P017","Autor",3
"A7de15941","P008","Autor",4
"A2e63ae1e","P016","Autor",1
"A2e63ae1e","P013","Autor",7
"A2e63ae1e","P015","Autor",8
"A16df4867","P016","Autor",1
"A3ef59ca4","P016","Autor",1
"A3ef59ca4","P017","Autor",3
"A3ef59ca4","P008","Autor",6
"Aaf48010b","P016","Autor",1
"Aaf48010b","P013","Autor",7
"Aaf48010b","P015","Autor",8
"Aefa032f5","P016","Autor",1
"Af556ee76","P016","Autor",1
"Af556ee76","P008","Autor",3
"Af556ee76","P017","Autor",4
"A5b5c7153","P016","Autor",1
"A5b5c7153","P013","Autor",7
"A5b5c7153","P015","Autor",8
"Af1ab4dea","P016","Autor",1
"A3f2865eb","P016","Autor",1
"A3f2865eb","P017","Autor",3
"A3f2865eb","P008","Autor",4
"A8f5b1539","P016","Autor",1
"A8f5b1539","P013","Autor",7
"A8f5b1539","P015","Autor",8
"A052cf424","P016","Autor",1
"A9b748763","P016","Autor",1
"A9b748763","P008","Autor",3
"A9b748763","P017","Autor",4
"Aca43cb9a","P016","Autor",1
"Aca43cb9a","P013","Autor",7
"Aca43cb9a","P015","Autor",8
"Af30778cf","P016","Autor",1
"A793d09b5","P016","Autor",1
"A793d09b5","P008","Autor",3
"A793d09b5","P017","Autor",4
"Aad068e31","P016","Autor",1
"Aad068e31","P013","Autor",7
"Aad068e31","P015","Autor",8
"Ad848c8db","P016","Autor",1
"Aa7a0d3b5","P016","Autor",1
"Aa7a0d3b5","P008","Autor",6
"Aa7a0d3b5","P017","Autor",9
"Acf223c42","P016","Autor",1
"Acf223c42","P013","Autor",7
"Acf223c42","P015","Autor",8
"Ae4fce2cf","P016","Autor",1
"Aa4cd7195","P016","Autor",1
"Aa4cd7195","P008","Autor",3
"Aa4cd7195","P017","Autor",4
"A6f73a0f2","P016","Autor",1
"A6f73a0f2","P013","Autor",7
"A6f73a0f2","P015","Autor",8
"A99d54e07","P016","Autor",1
"A2cbab9f3","P016","Autor",1
"A2cbab9f3","P008","Autor",3
"A2cbab9f3","P017","Autor",4
"A9437a1d7","P016","Autor",1
"A9437a1d7","P013","Autor",7
"A9437a1d7","P015","Autor",8
"A0c2019c8","P016","Autor",1
"Aa6192955","P016","Autor",1
"Aa6192955","P008","Autor",3
"Aa6192955","P017","Autor",6
"A64969c27","P016","Autor",1
"A64969c27","P013","Autor",7
"A64969c27","P015","Autor",8
"Ad078e053","P016","Autor",1
"A1d77d766","P016","Autor",1
"A1d77d766","P008","Autor",3
"A1d77d766","P017","Autor",4
"Ae94f344f","P016","Autor",1
"Ae94f344f","P013","Autor",7
"Ae94f344f","P015","Autor",8
"A70746b68","P016","Autor",1
"A4444c6cc","P016","Autor",1
"A4444c6cc","P008","Autor",4
"A4444c6cc","P017","Autor",6
"Acedaea16","P016","Autor",1
"Acedaea16","P013","Autor",7
"Acedaea16","P015","Autor",8
"Ae9426bf0","P016","Autor",1
"A91370972","P016","Autor",1
"A91370972","P008","Autor",3
"A91370972","P017","Autor",4
"Ad8bb24b8","P016","Autor",1
"Ad8bb24b8","P013","Autor",7
"Ad8bb24b8","P015","Autor",8
"A3cb0613a","P016","Autor",1
"A4094aef8","P013","Autor",7
"A4094aef8","P015","Autor",8
"A6483acc0","P016","Autor",1
"A2cc8a1ef","P016","Autor",1
"A2cc8a1ef","P008","Autor",3
"A2cc8a1ef","P017","Autor",4
"A55b9a139","P016","Autor",1
"A55b9a139","P013","Autor",7
"A55b9a139","P015","Autor",8
"A24ab5e72","P016","Autor",1
"A4d37c367","P016","Autor",1
"A4d37c367","P008","Autor",3
"A4d37c367","P017","Autor",4
"A20eb0951","P016","Autor",1
"A20eb0951","P017","Autor",3
"A20eb0951","P008","Autor",6
"Afba27316","P016","Autor",1
"Afba27316","P013","Autor",7
"Afba27316","P015","Autor",8
"Afe5f06bf","P016","Autor",6
"Aafa972dd","P016","Autor",1
"Adcaf8954","P016","Autor",5
"A5b99408e","P016","Autor",5
"Affe3b6ed","P016","Autor",1
"A75ade58b","P016","Autor",3
"A257a5556","P016","Autor",1
"Ac6cd97e4","P016","Autor",1
"A94e27313","P016","Autor",1
"A3988666b","P016","Autor",1
"A111d5068","P016","Autor",1
"A1243600f","P016","Autor",1
"A7f12e362","P016","Autor",1
"A001e963f","P016","Autor",1
"Ad2dfc084","P016","Autor",1
"A10f893de","P016","Autor",1
"A8c1e472f","P016","Autor",1
"A18d3673d","P016","Autor",1
"Acd952c04","P016","Autor",1
"A1a107c66","P016","Autor",1
"A1fc931b9","P016","Autor",1
"A313635c2","P016","Autor",1
"A1b3c5bc4","P016","Autor",1
"A27b18c26","P018","Autor",3
"A27b18c26","P016","Autor",4
"A30a604d1","P016","Autor",4
"Af6eedfe6","P016","Autor",4
"A31654a9e","P016","Autor",4
"A253de831","P016","Autor",4
"A6b7783d7","P016","Autor",4
"Aad71408f","P016","Autor",5
"A0060e7df","P016","Autor",4
"Ad102ccb4","P016","Autor",3
"Aff54e3b0","P016","Autor",4
"A7da8a19c","P016","Autor",4
"A6e827525","P016","Autor",5
"A328dc635","P016","Autor",2
"A154b33a3","P008","Autor",4
"A154b33a3","P006","Autor",5
"A154b33a3","P016","Autor",6
"A7dd3e181","P016","Autor",5
"A3bee73bf","P016","Autor",4
"Acfc733b0","P016","Autor",5
"A73866736","P016","Autor",3
"Ae11e1ec0","P016","Autor",4
"Acd447f2d","P016","Autor",3
"A837ab8ed","P016","Autor",3
"A1ee5e5f1","P016","Autor",1
"A1ee5e5f1","P008","Autor",3
"A1ee5e5f1","P006","Autor",7
"A35671af1","P016","Autor",4
"A7250d11b","P016","Autor",1
"A63c99a15","P016","Autor",3
"Ac4c9d584","P016","Autor",5
"Ac4950507","P008","Autor",4
"Ac4950507","P016","Autor",5
"Afc68f942","P016","Autor",4
"A8aa418ab","P006","Autor",3
"A8aa418ab","P016","Autor",4
"A3b80ed10","P016","Autor",4
"A0a6302ea","P016","Autor",5
"Afa733e97","P016","Autor",4
"Ab33883cb","P016","Autor",7
"A384e1a43","P016","Autor",6
"A7f036176","P016","Autor",1
"A9124ea99","P016","Autor",1
"Acf64c354","P016","Autor",5
"A3e595a00","P016","Autor",5
"Ae0af1bd8","P016","Autor",4
"A665bb2b8","P016","Autor",1
"A8019731b","P006","Autor",2
"A8019731b","P016","Autor",3
"A71e11432","P016","Autor",3
"Ab745065f","P016","Autor",2
"Ae014f6df","P016","Autor",3
"A945c7c41","P016","Autor",5
"A7d67eb8d","P008","Autor",1
"A7d67eb8d","P016","Autor",6
"A39c9894f","P016","Autor",1
"A0ad2eb78","P016","Autor",3
"Aa43a796e","P016","Autor",5
"Ab51fbfeb","P006","Autor",3
"Ab51fbfeb","P016","Autor",5
"A279a419c","P006","Autor",2
"A279a419c","P016","Autor",4
"A9be059e5","P006","Autor",4
"A9be059e5","P016","Autor",5
"A96138477","P006","Autor",4
"A96138477","P016","Autor",5
"A72ba4233","P016","Autor",6
"Ae1e88776","P016","Autor",3
"A4e9131ce","P008","Autor",4
"A4e9131ce","P016","Autor",5
"Aa0d931c0","P016","Autor",4
"A92d59cf5","P016","Autor",3
"A7c0cd777","P016","Autor",3
"Aad4a5a25","P016","Autor",3
"A2a7e4192","P016","Autor",5
"A3e6c3749","P016","Autor",4
"A305e2c8b","P006","Autor",2
"A305e2c8b","P016","Autor",3
"Ab9468d6c","P016","Autor",1
"Af6772f26","P006","Autor",3
"Af6772f26","P016","Autor",4
"Ad73ff6a6","P006","Autor",3
"Ad73ff6a6","P016","Autor",4
"Aa1e3100e","P016","Autor",5
"Add2b5045","P016","Autor",4
"A6570d842","P016","Autor",4
"Ab50d36db","P016","Autor",6
"Ac5e9afc5","P008","Autor",1
"Ac5e9afc5","P016","Autor",2
"A3ff001e9","P008","Autor",4
"A3ff001e9","P016","Autor",5
"A340dff42","P006","Autor",2
"A340dff42","P016","Autor",3
"A7eb434ad","P016","Autor",4
"A6e1dbcf0","P016","Autor",1
"A9b91ec59","P016","Autor",4
"Abfd79221","P016","Autor",6
"A53f50ed4","P016","Autor",4
"A3ef46630","P016","Autor",5
"A40c278b3","P016","Autor",5
"A0aa0d155","P006","Autor",3
"A0aa0d155","P016","Autor",4
"A80037f47","P016","Autor",5
"A5ab139fe","P016","Autor",5
"A617f8155","P016","Autor",5
"A682e4769","P016","Autor",4
"Aefc7bb05","P016","Autor",3
"A494351a6","P016","Autor",1
"A494351a6","P006","Autor",7
"A1f1fac6f","P006","Autor",2
"A1f1fac6f","P016","Autor",4
"A819aa8e1","P006","Autor",5
"A819aa8e1","P016","Autor",6
"Ab54bf208","P009","Autor",3
"Ab54bf208","P008","Autor",4
"Ab54bf208","P006","Autor",6
"Ab54bf208","P016","Autor",7
"A520d8bd8","P016","Autor",3
"Aeb4446a0","P006","Autor",2
"Aeb4446a0","P016","Autor",3
"A27235583","P016","Autor",5
"A27425820","P016","Autor",2
"A4b1b6298","P016","Autor",3
"Af4a62d5a","P016","Autor",3
"A56b234a0","P016","Autor",2
"A183c3007","P016","Autor",3
"A0bd98d77","P006","Autor",5
"A0bd98d77","P016","Autor",6
"Ac4f2c946","P009","Autor",4
"Ac4f2c946","P008","Autor",5
"Ac4f2c946","P016","Autor",6
"A63060ba4","P016","Autor",2
"A05a7ef38","P016","Autor",3
"A2012d93b","P016","Autor",2
"A4cb33663","P016","Autor",2
"A6a6c8584","P016","Autor",2
"Ab8af1d02","P015","Autor",4
"Ab8af1d02","P006","Autor",5
"Ab8af1d02","P016","Autor",6
"A8f794618","P016","Autor",2
"A8f794618","P006","Autor",3
"A9837fe3f","P016","Autor",3
"A2508b32e","P016","Autor",2
"A2508b32e","P006","Autor",3
"A294af785","P006","Autor",1
"A294af785","P016","Autor",3
"A96d4c4a1","P016","Autor",2
"A96d4c4a1","P006","Autor",4
"Aa3bd8cf6","P016","Autor",2
"A8b104981","P016","Autor",2
"A65141a56","P016","Autor",3
"A6160c7d5","P016","Autor",2
"A6160c7d5","P006","Autor",5
"A7f497c53","P016","Autor",3
"A070fb12c","P016","Autor",3
"Aa2ded7db","P006","Autor",2
"Aa2ded7db","P016","Autor",4
"Ad43323ad","P016","Autor",3
"Ad43323ad","P006","Autor",4
"A864c3d45","P016","Autor",2
"A6f6010b3","P016","Autor",2
"A6e111b4f","P016","Autor",2
"A6a347b6f","P016","Autor",2
"Aed4a4890","P016","Autor",5
"Aed4a82c2","P016","Autor",5
"A0d45fe2e","P016","Autor",4
"A2b72d7e7","P016","Autor",5
"A87e20bb0","P016","Autor",2
"A87e20bb0","P006","Autor",3
"A31d4dd93","P016","Autor",2
"A31d4dd93","P006","Autor",3
"Afd92d760","P006","Autor",1
"Afd92d760","P016","Autor",2
"Ab9ba014c","P016","Autor",2
"Acb07e56f","P006","Autor",2
"Acb07e56f","P016","Autor",6
"Adf8fd3ad","P016","Autor",2
"A40293f5d","P016","Autor",2
"A0d964643","P006","Autor",1
"A0d964643","P016","Autor",3
"A0aaaf3d7","P016","Autor",1
"A0aaaf3d7","P006","Autor",3
"Ac035ea9a","P016","Autor",3
"A86c1bea0","P016","Autor",2
"A5921145b","P016","Autor",4
"A53d850c2","P016","Autor",4
"A3d08c67a","P016","Autor",4
"A049436e9","P016","Autor",2
"A049436e9","P006","Autor",3
"Ab8d26b83","P016","Autor",5
"Ab95b142d","P016","Autor",2
"Ae848be61","P016","Autor",1
"A9d55cff2","P016","Autor",4
"A2e3b096a","P016","Autor",3
"A4a321172","P006","Autor",2
"A4a321172","P016","Autor",5
"A69e5f64d","P016","Autor",1
"A69e5f64d","P006","Autor",3
"A165037c6","P016","Autor",1
"A165037c6","P006","Autor",4
"A9f1afe09","P016","Autor",2
"Aa1ab4d06","P016","Autor",3
"A2af69ba9","P016","Autor",2
"A2af69ba9","P006","Autor",3
"A85c5b598","P006","Autor",2
"A85c5b598","P016","Autor",3
"Afc949aad","P016","Autor",2
"A92cf94da","P016","Autor",3
"A92cf94da","P006","Autor",4
"A0d56fd44","P006","Autor",1
"A0d56fd44","P016","Autor",3
"A0d56fd44","P015","Autor",4
"A78ceb884","P016","Autor",3
"A78ceb884","P006","Autor",4
"A89fd611b","P016","Autor",2
"Ad23e6a30","P016","Autor",3
"Afbc0e10d","P016","Autor",3
"A4e93f622","P016","Autor",1
"A4e93f622","P006","Autor",4
"A7af2edb9","P016","Autor",2
"Ab32fe2e7","P016","Autor",5
"A59fd603c","P016","Autor",2
"A59fd603c","P006","Autor",3
"Acc244856","P016","Autor",1
"Acc244856","P013","Autor",2
"A1e5f4a62","P016","Autor",2
"Ac1bd60c4","P016","Autor",3
"A656e6607","P016","Autor",1
"Acc87d0ff","P016","Autor",2
"A64093890","P016","Autor",2
"A2c93354a","P016","Autor",1
"A8ef97dbe","P016","Autor",1
"A8e692597","P016","Autor",2
"Ae3b6c34a","P016","Autor",5
"A092377a3","P016","Autor",4
"A1dc4c783","P016","Autor",1
"A4952596d","P016","Autor",1
"Ad7940e20","P016","Autor",1
"A33077c46","P016","Autor",1
"Aa8753079","P016","Autor",1
"Ad0c78491","P016","Autor",2
"A7af00e00","P016","Autor",1
"Af6bc9fb1","P016","Autor",1
"Ab6d42f57","P016","Autor",1
"A80922c05","P016","Autor",2
"A55709617","P016","Autor",1
"A6942e1f5","P016","Autor",1
"Afd93d6c9","P016","Autor",1
"Adf9c088f","P016","Autor",1
"A45c3417c","P016","Autor",1
"A7eba73e0","P016","Autor",1
"A0c047b0d","P016","Autor",1
"Ae1cf0932","P016","Autor",1
"A9385a859","P016","Autor",1
"Aca12193f","P016","Autor",2
"A4becc5b1","P016","Autor",1
"A425f09a6","P016","Autor",1
"A13013e80","P016","Autor",1
"A1ac498e5","P016","Autor",1
"A3196ef25","P016","Autor",1
"Ad2781d02","P016","Autor",1
"A160590b9","P016","Autor",1
"Af87350bc","P016","Autor",1
"A534ec4e8","P016","Autor",1
"A24cd3416","P016","Autor",1
"A7782a6cf","P016","Autor",1
"A4568c093","P016","Autor",1
"A061a19bf","P016","Autor",4
"A539fcb2e","P016","Autor",2
"Acccc3606","P016","Autor",2
"A51085657","P016","Autor",3
"A487a9c2c","P008","Autor",3
"A487a9c2c","P016","Autor",4
"A7c16e390","P016","Autor",4
"Ad6258793","P016","Autor",2
"A3e791e49","P006","Autor",2
"A3e791e49","P016","Autor",3
"Ac0ff101d","P016","Autor",2
"A85a75c29","P016","Autor",3
"A91ddcc10","P016","Autor",4
"Ac3aec5b8","P016","Autor",3
"A47b8a03e","P016","Autor",6
"Ad6df37be","P016","Autor",2
"Ad6df37be","P008","Autor",3
"A7a2e3e60","P016","Autor",3
"A78abe7aa","P016","Autor",2
"Ac598be87","P008","Autor",4
"Ac598be87","P016","Autor",5
"Aa14f8257","P016","Autor",2
"A87432c3b","P016","Autor",2
"A49c5dead","P016","Autor",2
"A49c5dead","P006","Autor",3
"A9d894696","P016","Autor",2
"A0a8e2686","P016","Autor",2
"Ad0af1b27","P016","Autor",5
"A5cbf3db7","P016","Autor",2
"A19985fa8","P016","Autor",3
"A4dd99006","P016","Autor",5
"A8ffd8e30","P016","Autor",1
"Ad1e48977","P016","Autor",1
"Afd048420","P016","Autor",2
"A35529668","P016","Autor",2
"Abb9be487","P016","Autor",3
"A1dd12dde","P016","Autor",3
"Aada76d6d","P016","Autor",3
"A6e38cdaf","P016","Autor",1
"A6e38cdaf","P015","Autor",5
"A4c640b75","P016","Autor",1
"A4c640b75","P015","Autor",5
"Acd936cd1","P016","Autor",3
"A213e2de6","P016","Autor",3
"Ae1716a4b","P016","Autor",3
"A2634d7c6","P016","Autor",6
"A05d73295","P016","Autor",3
"A6e0fb205","P016","Autor",4
"Acdcc14ba","P016","Autor",3
"A945daa15","P016","Autor",5
"A3835d0b4","P016","Autor",4
"A0b10a913","P016","Autor",5
"A095b6fac","P016","Autor",1
"A095b6fac","P006","Autor",4
"Acb254734","P016","Autor",3
"A345c61f2","P016","Autor",3
"A67a994a9","P016","Autor",3
"A55bc22c0","P016","Autor",6
"A3820abe5","P016","Autor",4
"A7fc04ec3","P016","Autor",7
"A77f5d50d","P016","Autor",7
"A680de5f3","P016","Autor",3
"A92f56a68","P016","Autor",3
"Af5744616","P016","Autor",3
"A9a102a4e","P016","Autor",3
"A654581d0","P016","Autor",3
"A9bd17db3","P016","Autor",2
"Aec63d2b8","P016","Autor",2
"A1178519e","P016","Autor",2
"Ac71c6820","P016","Autor",2
"Ac78dcffd","P016","Autor",6
"A0fea4728","P016","Autor",3
"A48b11d8e","P016","Autor",2
"A5a19e8bd","P016","Autor",3
"Ae10122b5","P016","Autor",2
"Aec86b937","P016","Autor",3
"A02d541c2","P016","Autor",5
"A02d541c2","P017","Autor",6
"Af665afc1","P016","Autor",2
"A9ccb1393","P016","Autor",3
"Ae57b7331","P017","Autor",2
"Ae57b7331","P016","Autor",3
"Abb009fe4","P016","Autor",2
"Ac9d3228e","P016","Autor",3
"Ab816c415","P016","Autor",5
"A9605923b","P016","Autor",3
"A6a9918a5","P017","Autor",2
"A6a9918a5","P016","Autor",3
"Ae6281906","P016","Autor",9
"A89fdf07a","P016","Autor",2
"A2544be15","P016","Autor",2
"A6c6537ac","P016","Autor",2
"A996ee11f","P017","Autor",4
"A996ee11f","P016","Autor",5
"Ade72186b","P016","Autor",5
"Abadc81be","P006","Autor",4
"Abadc81be","P016","Autor",5
"A76e77318","P016","Autor",4
"A8db27daa","P016","Autor",3
"Aa599e4d8","P006","Autor",2
"Aa599e4d8","P016","Autor",5
"A496eba25","P016","Autor",2
"A9dc73811","P016","Autor",2
"A850c9de8","P016","Autor",4
"A08966648","P016","Autor",1
"A08966648","P006","Autor",3
"A66220a73","P016","Autor",2
"A66220a73","P006","Autor",3
"A797c232b","P016","Autor",3
"Ac707b8aa","P016","Autor",2
"Ac707b8aa","P006","Autor",3
"A6475d86e","P016","Autor",2
"A6475d86e","P006","Autor",3
"A6bd9e2a6","P016","Autor",4
"A6bd9e2a6","P006","Autor",5
"A9b6a8bb2","P016","Autor",3
"A9b6a8bb2","P006","Autor",4
"A90dd27ca","P016","Autor",3
"A22f3798e","P016","Autor",6
"Ad7b3e53e","P016","Autor",6
"A8ab26f46","P016","Autor",1
"A8ab26f46","P006","Autor",6
"Ab5122dba","P016","Autor",1
"Ab5122dba","P006","Autor",4
"Ab4c4bdcf","P006","Autor",1
"Ab4c4bdcf","P016","Autor",2
"Afd910190","P016","Autor",4
"A52321605","P016","Autor",1
"A36730e45","P016","Autor",5
"Adb5a2abf","P016","Autor",4
"A0b9f917b","P016","Autor",2
"A0b9f917b","P006","Autor",3
"Ad935a161","P016","Autor",3
"A56797da6","P016","Autor",1
"A54eb09e0","P016","Autor",1
"Ad7afc4af","P016","Autor",2
"Ad7afc4af","P008","Autor",3
"Aec93034e","P016","Autor",3
"A57a15ac4","P016","Autor",3
"A57a15ac4","P008","Autor",5
"A1c26b3f8","P016","Autor",4
"Aad9426fd","P016","Autor",1
"Ae738de85","P016","Autor",1
"A917f95ff","P016","Autor",1
"Ae82189d2","P016","Autor",1
"A14a8a637","P016","Autor",4
"A8aa48394","P016","Autor",5
"A8dd34450","P016","Autor",4
"A2f6a49ea","P016","Autor",1
"A8bc0ce5e","P016","Autor",1
"A5d866901","P016","Autor",1
"A5481a340","P016","Autor",1
"A39d15aa4","P016","Autor",1
"A0efd85c9","P016","Autor",1
"Adc5a3989","P016","Autor",1
"Aebf570fe","P016","Autor",1
"Abb665ea3","P016","Autor",1
"A7c2977fa","P016","Autor",1
"Aaa7f92ff","P016","Autor",1
"A7de9f28c","P016","Autor",1
"A2bbd7b94","P016","Autor",1
"A2e94075b","P016","Autor",1
"A2e94075b","P008","Autor",3
"A2e94075b","P017","Autor",5
"A771dd00a","P016","Autor",1
"A771dd00a","P008","Autor",3
"A771dd00a","P017","Autor",5
"A1e4be8e0","P016","Inventor",2
"A057f0e82","P016","Inventor",1
"Afade6c93","P017","Autor",4
"Afade6c93","P012","Autor",5
"A352d449c","P017","Autor",5
"Abbe52e65","P017","Autor",4
"A60ef5ef9","P016","Autor",1
"Abffe1291","P017","Autor",1
"Abc0b3bb3","P017","Autor",1
"Ac4c2121c","P017","Autor",1
"A0dcb7468","P017","Autor",1
"Aa4a81666","P017","Autor",3
"A16485d12","P017","Autor",4
"A767883ea","P017","Autor",2
"A1eaaace0","P017","Autor",1
"Ab22fa3cc","P017","Autor",2
"Af6730974","P017","Autor",3
"A472fbd7d","P017","Autor",2
"Acaafe5eb","P017","Autor",2
"A6e7287bd","P017","Autor",4
"Aa8b07529","P017","Autor",3
"Aff90afa5","P017","Autor",3
"A2cbca0e4","P017","Autor",3
"A3f905357","P017","Autor",5
"Aa3733bb7","P017","Autor",3
"A7a3e9414","P017","Autor",3
"Aae45b0c5","P017","Autor",2
"A67830f1c","P017","Autor",2
"A26dcfb46","P017","Autor",1
"Adf0ce44b","P017","Autor",4
"Adcd9e150","P017","Autor",2
"Ac9d99dd7","P017","Autor",2
"A1084078f","P017","Autor",2
"A037b72df","P017","Autor",1
"A6167cf14","P017","Autor",5
"Ad24f89cd","P017","Autor",3
"A01d83244","P017","Autor",4
"A6d1da684","P017","Autor",4
"Ae16eab3c","P017","Autor",2
"Ae16eab3c","P012","Autor",3
"Ad8d005f2","P017","Autor",2
"A9d77d8a9","P017","Autor",2
"A55bbda68","P017","Autor",3
"Ad16d5765","P017","Autor",4
"Af4052919","P017","Autor",5
"Af22596a3","P017","Autor",5
"A13bb6b89","P017","Autor",4
"A810ba336","P017","Autor",1
"Aa277a481","P017","Autor",3
"Ade291f85","P017","Autor",4
"A68927159","P017","Autor",1
"Ad37ca6ee","P017","Autor",1
"Adc98f867","P017","Autor",4
"A59b07474","P017","Autor",1
"A14572d02","P017","Autor",4
"Ad81665bf","P017","Autor",4
"A6403c077","P017","Autor",4
"Aa08bdc99","P017","Autor",1
"A4ff13654","P017","Autor",1
"Ab1f73da5","P018","Autor",3
"A8b835ca1","P007","Autor",2
"A8b835ca1","P018","Autor",3
"Aa29c943a","P007","Autor",3
"Aa29c943a","P018","Autor",4
"A42d6d258","P007","Autor",2
"A42d6d258","P018","Autor",3
"A99658b5b","P007","Autor",3
"A99658b5b","P018","Autor",4
"A18a6befe","P007","Autor",1
"A18a6befe","P018","Autor",3
"A5a63ca60","P007","Autor",1
"A5a63ca60","P018","Autor",4
"A5026f024","P018","Autor",2
"A5026f024","P007","Autor",3
"A6db91edd","P018","Autor",3
"A56fd6976","P018","Autor",4
"A2b017bcf","P018","Autor",3
"A01a5e547","P007","Autor",1
"A01a5e547","P018","Autor",3
"A00dffe0d","P007","Autor",1
"A00dffe0d","P018","Autor",2
"Aa9fde58e","P018","Autor",2
"A37f23d15","P018","Autor",4
"Ac412feb3","P018","Autor",4
"Ac412feb3","P007","Autor",5
"Aa6ec800b","P018","Autor",2
"Aa6ec800b","P007","Autor",3
"A08d392e0","P018","Autor",5
"Aed0f0b92","P018","Autor",1
"Aed0f0b92","P007","Autor",5
"Ae41c3b87","P018","Autor",3
"Ae41c3b87","P007","Autor",4
"A96e3866b","P018","Autor",2
"A68f3b42f","P018","Autor",2
"Ac68dc9d4","P018","Autor",2
"Ae8dc7908","P018","Autor",4
"Aa9f626c5","P007","Autor",1
"Aa9f626c5","P018","Autor",6
"Acbc079cf","P018","Autor",1
"Af58eaeae","P018","Autor",2
"Aca05ea9a","P018","Autor",2
"Af08c8553","P018","Autor",7
"A78514566","P018","Autor",4
"Ac98ec982","P018","Autor",2
"A26836855","P018","Autor",1
"Aec9dcfad","P018","Autor",2
"A9b632b1d","P018","Autor",3
"Ae074c33e","P018","Autor",3
"A62a982a0","P018","Autor",2
"A0e1f06a0","P018","Autor",1
"A0e1f06a0","P007","Autor",2
"Aba0f84b0","P018","Autor",5
"Acc039e8a","P018","Autor",5
"Acfe2f282","P018","Autor",2
"A98c3fd8a","P018","Autor",3
"A362918cc","P018","Autor",2
"A05d43d14","P018","Autor",11
"A7676cbcb","P018","Autor",4
"A814fe73c","P018","Autor",2
"Aecc7414d","P018","Autor",2
"Ab071d753","P018","Autor",2
"Aa3db403c","P007","Autor",2
"Aa3db403c","P018","Autor",3
"Af8fd4616","P018","Autor",3
"Af8fd4616","P016","Autor",4
"A1cdc9544","P018","Autor",2
"A62adb51d","P018","Autor",1
"A228d345f","P018","Autor",1
"A8f6fca4a","P007","Autor",2
"A8f6fca4a","P018","Autor",3
"A2b77dd92","P018","Autor",2
"A2b77dd92","P007","Autor",3
"Add6cf09e","P018","Autor",3
"A9572a1fa","P018","Autor",3
"A1a2b00e4","P007","Autor",2
"A1a2b00e4","P018","Autor",3
"A8d48f138","P018","Autor",2
"A80037f47","P018","Autor",2
"A5ab139fe","P018","Autor",2
"Ae7b7d11e","P018","Autor",4
"Ad265a467","P018","Autor",4
"Afe91cd84","P018","Autor",3
"A4c32857d","P018","Autor",3
"Aca480c9e","P018","Autor",5
"A5d8c0501","P018","Autor",5
"A2b54b982","P018","Autor",1
"A755d1ac7","P018","Autor",1
"A40ad85e0","P018","Autor",2
"Add0f3f8a","P018","Autor",1
"Af1c4f227","P018","Autor",1
"A122dd22f","P007","Autor",3
"A122dd22f","P018","Autor",4
"Adf6a3694","P018","Autor",2
"Adf6a3694","P007","Autor",3
"Ada83f625","P018","Autor",1
"Ada83f625","P007","Autor",2
"A7b4fdbad","P018","Autor",1
"A7b4fdbad","P007","Autor",4
"Ae131d140","P018","Autor",2
"A2e2337c5","P018","Autor",1
"A2e2337c5","P007","Autor",4
"A956f0189","P018","Autor",1
"A956f0189","P007","Autor",4
"Afa25ae32","P018","Autor",3
"A8f1fce27","P018","Autor",2
"Ae4dd37a0","P018","Autor",5
"A2d682e97","P018","Autor",3
"A09fde985","P018","Autor",4
"Abd8d4726","P018","Autor",2
"A4ac72ba6","P018","Autor",4
"A504957fa","P018","Autor",4
"Adeb3c5d6","P018","Autor",4
"A53ede71e","P007","Autor",3
"A53ede71e","P018","Autor",4
"A4ea70160","P018","Autor",2
"A19bad38e","P016","Autor",3
"A19bad38e","P018","Autor",4
"Acaeea109","P018","Autor",2
"Ad572b2b2","P018","Autor",3
"Ad572b2b2","P016","Autor",4
"Ab495b054","P018","Autor",4
"A9b097c9d","P007","Autor",3
"A9b097c9d","P018","Autor",4
"Adc014fd2","P018","Autor",2
"Af444ba94","P007","Autor",3
"Af444ba94","P018","Autor",4
"Aed8791ec","P018","Autor",2
"Aed8791ec","P007","Autor",3
"A705164ac","P018","Autor",2
"A705164ac","P007","Autor",3
"Ad85fa8bd","P018","Autor",2
"Ad85fa8bd","P007","Autor",3
"Ac16b94a8","P018","Autor",2
"A4926e29c","P018","Autor",2
"Aaab03bb7","P016","Autor",3
"Aaab03bb7","P018","Autor",4
"Ab77e0f56","P018","Autor",2
"Acdb329f9","P018","Autor",2
"Aa3b5b9d5","P018","Autor",2
"Aa3b5b9d5","P007","Autor",3
"A85651d7a","P018","Autor",2
"Ab7719566","P007","Autor",3
"Ab7719566","P018","Autor",4
"Ae6a27326","P018","Autor",1
"Ae6a27326","P007","Autor",4
"A87d5c34d","P018","Autor",1
"A87d5c34d","P007","Autor",3
"A9730e36f","P018","Autor",2
"A40bd89a0","P018","Autor",1
"A40bd89a0","P007","Autor",3
"A4d69953b","P018","Autor",2
"A4d69953b","P007","Autor",3
"A2a689803","P018","Autor",1
"A2a689803","P007","Autor",3
"A83ca7246","P018","Autor",2
"A63655d5b","P018","Autor",1
"A63655d5b","P007","Autor",3
"Ab731f307","P018","Autor",2
"A33aaaaf1","P018","Autor",4
"Abf672287","P007","Autor",1
"Abf672287","P018","Autor",3
"Ada5ae71b","P018","Autor",2
"A4dd5446b","P018","Autor",3
"Aa3a96243","P018","Autor",2
"A468b7e93","P018","Autor",2
"A8283deb2","P018","Autor",2
"A7eafd260","P018","Autor",5
"A9d4aeca5","P018","Autor",4
"A28157282","P018","Autor",3
"A608609f5","P018","Autor",5
"A120fba1c","P018","Autor",2
"Ad18f4283","P018","Autor",1
"Af24355ec","P018","Autor",4
"A35121861","P018","Autor",4
"Ae482ee60","P018","Autor",2
"A10dec4dc","P018","Autor",5
"A69a66aa5","P018","Autor",4
"Aafd4686b","P019","Autor",5
"A94f9125d","P019","Autor",3
"A90d53695","P019","Autor",7
"Aa8ee47a0","P019","Autor",6
"A182b204a","P019","Autor",9
"Aa9d16cf5","P019","Autor",5
"Ac19d8030","P019","Autor",6
"Ad5f0df1e","P019","Autor",8
"A88c3430b","P019","Autor",6
"Ab98f245e","P019","Autor",6
"A31448da9","P019","Autor",9
"A4223a240","P019","Autor",6
"A1243e48b","P019","Autor",7
"A53f8d7bd","P019","Autor",3
"A11577c2f","P019","Autor",8
"Add4be523","P019","Autor",4
"A6006d52a","P019","Autor",6
"Aa1b0ec06","P019","Autor",7
"A5fe1ef97","P019","Autor",5
"Aa7c8e9b3","P019","Autor",7
"A4e3adb97","P019","Autor",7
"A3e32eabb","P019","Autor",4
"Aee425375","P019","Autor",6
"Abe531791","P019","Autor",4
"Abc59a286","P019","Autor",6
"Aa9432eb9","P019","Autor",9
"A612fff82","P019","Autor",6
"Ad7c75f31","P019","Autor",3
"A186b15c8","P019","Autor",2
"A89081c60","P019","Autor",5
"A24ef9b67","P019","Autor",4
"Ab8d47c73","P019","Autor",5
"Aada82ac3","P019","Autor",3
"Ae5ca42d8","P019","Autor",
"A2014c285","P019","Autor",2
"A02e812bd","P019","Autor",5
"Adb0b4517","P019","Autor",4
"A1a1617bc","P019","Autor",4
"A4529783a","P019","Autor",2
"A05e35c5c","P019","Autor",9
"A5d74d457","P019","Autor",3
"A90af98be","P019","Autor",3
"Aa7e3fdc4","P019","Autor",6
"A95c8d968","P019","Autor",2
"A13069a39","P019","Autor",3
"A2779fb73","P019","Autor",3
"A4d84e3ae","P019","Autor",3
"Adfb53a29","P019","Autor",4
"A0a907275","P019","Autor",3
"Ae9da809d","P019","Autor",4
"A5045ccb5","P019","Autor",2
"A7eca3dee","P019","Autor",2
"A363be689","P019","Autor",2
"A897a5a32","P019","Autor",1
"Ac6766cf8","P019","Autor",1
"A36b7a6ee","P019","Autor",1
"A3e411278","P019","Autor",2
"Ad7283375","P019","Autor",1
"A916f0202","P019","Autor",3
"Af4a592bd","P019","Autor",1
"Acbc40674","P019","Autor",1
"A4ffefd2e","P019","Autor",4
"A23b81601","P019","Autor",3
"Abf833bba","P019","Autor",4
"A63a63613","P019","Autor",5
"A1391c135","P019","Autor",2
"A21b851f0","P019","Autor",1
"Aa736221b","P019","Autor",4
"A7f4f3825","P019","Autor",1
"A6a7da8c0","P019","Autor",1
"Aee287663","P019","Autor",1
"A79f986ac","P019","Autor",
"A37e00d84","P019","Autor",3
"Ab4a75139","P019","Autor",2
"Af8a92436","P019","Autor",4
"A68fe5677","P019","Autor",3
"A8d73cfe0","P019","Autor",2
"A90ff76c3","P019","Autor",3
"A85a2dca5","P019","Autor",4
"A3ec6c9ba","P019","Autor",1
"A0b079fbb","P019","Autor",6
"A8a1cd3eb","P019","Autor",6
"A599b9b67","P019","Autor",1
"Aef5aa2ef","P019","Autor",2
"A21d25143","P019","Autor",2
"Acf159f54","P019","Autor",5
"A0aa46c38","P019","Autor",1
"A7110f23c","P019","Autor",2
"Aa8ce135f","P019","Autor",3
"A5099fac2","P019","Autor",4
"A0485f08e","P019","Autor",5
"A7c1b0680","P019","Autor",5
"Ad6d39566","P019","Autor",3
"Ab028cf57","P019","Autor",4
"Ac0bb5d09","P019","Autor",5
"Ab900b375","P019","Autor",3
"A74b5ad13","P016","Autor",2
"A74b5ad13","P019","Autor",3
"A5a289074","P019","Autor",3
"Ad5dbf6c0","P019","Autor",2
"A0e3c79e6","P019","Autor",7
"A19bde616","P019","Autor",4
"A44b57e54","P019","Autor",4
"A3977b3b0","P016","Autor",3
"A3977b3b0","P019","Autor",4
"Aa7997c0a","P019","Autor",2
"A71122040","P019","Autor",5
"Abc658905","P019","Autor",7
"A4e1c31a7","P019","Autor",4
"A76604069","P019","Autor",4
"Ae0787cb9","P019","Autor",3
"A96d3b7a3","P019","Autor",6
"A2f5ac159","P019","Autor",2
"A1bd32a3a","P019","Autor",1
"A11c1223d","P019","Autor",2
"A7323d3d1","P019","Autor",4
"A27a34b91","P019","Autor",5
"A3628cf67","P019","Autor",3
"A4e24fef1","P019","Autor",1
"A1090079b","P019","Autor",1
"A7b8e454a","P019","Autor",1
"Aba502658","P019","Autor",2
"A3fa8f8f3","P019","Autor",1
"Aeefa33bc","P019","Autor",1
"A53da9fe2","P019","Autor",1
"A63fad58d","P019","Autor",1
"A42aaa9b9","P019","Autor",1
