"id_pesquisador","nome","tipo","linha_pesquisa","grupo","instituicao","area_capes","orcid","periodo_vinculo_inicio","periodo_vinculo_fim"
"P006","Antonio João Carvalho de Albuquerque","Docente","Tratamento e reutilização de águas residuais","GeoBioTec/UBI","Universidade da Beira Interior","Engenharia Sanitária","0000-0001-7099-0685","1996-01-01",
"P007","Francisco Javier Cuba Teran","Docente","Tratamento de águas residuárias","EEC/UFG","Universidade Federal de Goiás","Engenharia Civil",,"2012-01-01",
"P008","Humberto Carlos Ruggeri Junior","Docente","Engenharia Hidráulica","EEC/UFG","Universidade Federal de Goiás","Engenharia Civil",,"2014-01-01",
"P009","Joel Roberto Guimarães Vasco","Docente","Engenharia Hidráulica",,"Universidade Federal de Goiás","Engenharia Civil",,"2013-01-01",
"P010","Juliana Dorn Nóbrega","Docente","Engenharia Hidráulica",,"Universidade de São Paulo","Engenharia Civil",,"2012-01-01",
"P011","Karla Alcione da Silva Cruvinel","Docente",,,"Universidade Federal de Goiás",,"0000-0002-5110-565X","2013-01-01",
"P012","Klebber Teodomiro Martins Formiga","Docente","Engenharia Hidráulica",,"Universidade Federal de Goiás","Engenharia Civil","0000-0003-1094-362X","2005-01-01",
"P013","Luis Rodrigo Fernandes Baumann","Docente","Estatística Aplicada a Engenharia Ambiental",,"Universidade Federal de Goiás","Probabilidade e Estatística","0000-0001-5308-9721","2009-01-01",
"P014","Marcelo Dayron Rodrigues Soares","Docente","engenharia sanitária",,"Universidade Federal do Amazonas","Engenharia Sanitária",,"2007-01-01",
"P015","Nilson Clementino Ferreira","Docente","Monitoramento Ambiental",,"Universidade Federal de Goiás","Geociências",,"2006-01-01",
"P016","Paulo Sergio Scalize","Docente","Utilização do Ortopolifosfato",,"Universidade Federal de Goiás","Engenharia Civil","0000-0002-0833-7826","2008-01-01",
"P017","Raviel Eurico Basso","Docente","Drenagem Urbana",,"Universidade Federal de Goiás","Engenharia Civil","0000-0002-5055-8470","2020-01-01",
"P018","Renata Medici Frayne Cuba","Docente","Tratamento Biológico de Efluentes; Monitoramento da Qualidade da Água",,"Universidade Federal de Goiás","Engenharia Sanitária",,"2013-01-01",
"P019","Tatianne Ferreira de Oliveira","Docente","Processos Oxidativos Avançados (POA)",,"Universidade Federal de Goiás","Engenharia Química",,"2013-01-01",
